Run Num.,Best Fit Max,Best Fit Sorted,First Fit Max,First Fit Sorted,Worst Fit Max,Worst Fit Sorted,Allocable,Back Tracks
1,0,0,0,0,0,0,1,411
2,1,0,1,0,0,0,0,0
3,1,1,1,1,0,0,0,0
4,0,0,0,0,0,0,1,1447
5,1,0,0,0,0,0,0,0
6,0,0,0,0,0,0,1,197
7,0,0,1,0,0,0,0,0
8,1,1,1,1,0,0,0,0
9,0,0,0,0,0,0,0,325842
10,0,0,0,0,0,0,0,26076
11,0,0,0,0,0,0,1,3775
12,0,0,0,0,0,0,0,56076
13,0,1,0,1,0,0,0,0
14,0,0,0,0,0,0,1,72452
15,0,0,0,0,0,0,0,230502
16,0,1,0,1,0,0,0,0
17,0,0,0,0,0,0,0,574746
18,0,0,0,0,0,0,1,98566
19,0,0,0,0,0,0,0,525396
20,0,0,0,0,0,0,0,5316
21,0,0,0,0,0,0,1,29
22,1,0,1,0,0,0,0,0
23,0,0,0,0,0,0,0,269796
24,0,0,0,0,0,0,1,384608
25,0,0,0,0,0,0,0,1117326
26,0,0,0,0,0,0,0,12036
27,0,0,0,0,0,0,1,1211
28,1,0,0,0,0,0,0,0
29,0,0,0,0,0,0,0,22956
30,1,1,1,1,0,0,0,0
31,0,0,0,0,0,0,1,3397
32,0,0,0,0,0,0,0,109746
33,0,0,0,0,0,0,0,1507476
34,0,0,0,0,0,0,0,4632
35,0,0,0,0,0,0,1,479
36,0,0,0,0,0,0,1,505088
37,0,0,0,0,0,0,1,2
38,0,0,0,0,0,0,1,585
39,0,0,0,0,0,0,0,14141202
40,0,0,0,0,0,0,0,1956
41,0,0,0,0,0,0,0,268543
42,0,0,0,0,0,0,0,7986
43,0,0,0,0,0,0,0,53916
44,0,1,0,1,0,0,0,0
45,0,0,0,0,0,0,0,5316
46,0,0,0,0,0,0,1,3243
47,0,0,0,0,0,0,0,25836
48,0,0,0,0,0,0,0,34356
49,0,0,0,0,0,0,0,77556
50,0,0,0,0,0,0,1,3963
51,0,1,0,0,0,0,0,0
52,0,0,0,0,0,0,0,3396
53,0,1,0,1,0,0,0,0
54,0,0,0,0,0,0,0,963876
55,0,0,0,0,0,0,1,1157
56,0,0,0,0,0,0,0,649549
57,0,0,0,0,0,0,1,10249
58,0,0,0,0,0,0,1,76737
59,0,0,0,0,0,0,0,384996
60,0,0,0,0,0,0,1,393951
61,0,0,0,0,0,0,1,1501
62,0,0,0,0,0,0,0,326586
63,0,0,0,0,0,0,0,4836
64,0,0,0,0,0,0,1,327
65,0,0,0,0,0,0,0,163956
66,0,0,0,0,0,0,0,170196
67,0,0,0,0,0,0,1,50
68,0,0,0,0,0,0,0,345186
69,1,0,1,1,0,0,0,0
70,0,0,0,0,0,0,0,96996
71,0,0,0,0,0,0,0,348786
72,0,0,0,0,0,0,1,7
73,0,0,0,0,0,0,1,1374
74,1,1,1,1,0,0,0,0
75,0,0,0,0,0,0,1,903
76,0,0,0,0,0,0,0,90516
77,0,1,0,0,0,0,0,0
78,0,0,0,0,0,0,1,60
79,1,0,1,0,0,0,0,0
80,0,0,0,0,0,0,0,26262
81,0,0,0,0,0,0,1,51
82,0,0,1,0,0,0,0,0
83,0,0,0,0,0,0,1,100
84,1,1,1,1,0,0,0,0
85,0,0,0,0,0,0,0,5556
86,0,0,0,0,0,0,0,3017281
87,0,0,0,0,0,0,1,35353
88,0,0,0,0,0,0,0,369456
89,0,1,0,1,0,0,0,0
90,0,0,0,0,0,0,0,161659
91,0,0,0,0,0,0,1,6
92,0,0,0,0,0,0,0,178356
93,0,0,1,0,0,0,0,0
94,0,0,0,0,0,0,0,6363366
95,0,1,0,0,0,0,0,0
96,0,0,0,0,0,0,0,1956
97,0,0,0,0,0,0,1,4806
98,0,1,0,1,0,0,0,0
99,0,1,0,0,0,0,0,0
100,0,0,0,0,0,0,1,231
101,0,0,0,0,0,0,0,31236
102,0,0,0,0,0,0,0,24996
103,0,0,0,0,0,0,1,17
104,0,0,0,0,0,0,1,114686
105,0,0,0,0,0,0,1,84
106,0,0,0,0,0,0,1,21
107,0,0,0,0,0,0,1,29
108,0,0,0,0,0,0,0,3499303
109,1,1,1,1,0,0,0,0
110,0,0,0,0,0,0,0,39516
111,0,0,0,0,0,0,1,287636
112,0,0,0,0,0,0,0,55716
113,0,0,0,0,0,0,0,125196
114,0,1,0,1,0,0,0,0
115,0,0,0,0,0,0,1,101
116,0,0,0,0,0,0,1,928
117,0,0,0,0,0,0,1,31
118,0,0,0,0,0,0,0,63876
119,0,0,0,0,0,0,0,45876
120,0,0,0,0,0,0,1,94
121,1,0,1,0,0,0,0,0
122,0,0,0,0,0,0,1,52
123,0,0,0,0,0,0,1,133
124,0,0,0,0,0,0,1,35
125,0,0,0,0,0,0,1,60
126,0,0,0,0,0,0,1,5091
127,0,0,0,0,0,0,0,6072
128,0,0,0,0,0,0,1,6936
129,0,1,0,1,0,0,0,0
130,0,0,0,0,0,0,1,545
131,0,0,0,0,0,1,0,0
132,0,0,0,0,0,0,1,7477
133,1,1,1,1,0,0,0,0
134,0,0,0,0,0,0,0,147156
135,0,0,0,0,0,0,0,6426
136,0,0,0,0,0,0,1,5
137,0,0,0,0,0,0,1,1518
138,0,0,0,0,0,0,0,317796
139,0,0,0,0,0,0,1,9974
140,0,0,0,0,0,0,0,3912
141,0,0,0,0,0,0,0,90516
142,0,0,0,0,0,0,0,447529
143,0,0,0,0,0,0,0,35436
144,0,0,1,1,0,0,0,0
145,0,0,0,0,0,0,1,112
146,0,0,0,0,0,0,0,354756
147,0,1,0,1,0,0,0,0
148,0,0,0,0,0,0,1,38
149,0,0,0,0,0,0,0,603156
150,0,0,0,0,0,0,1,303
151,0,1,0,1,1,0,0,0
152,0,1,0,1,0,1,0,0
153,0,0,0,0,0,0,0,2029159
154,0,0,0,0,0,0,0,222516
155,0,0,0,0,0,0,0,316146
156,0,0,0,0,0,0,0,585168
157,0,1,0,1,0,0,0,0
158,0,0,0,0,0,0,1,3
159,0,0,1,0,1,0,0,0
160,0,0,0,0,0,0,0,1847676
161,0,0,0,0,0,0,0,185466
162,0,0,0,0,0,0,1,451
163,0,0,0,0,0,0,1,18
164,0,0,0,0,0,0,0,706116
165,1,0,1,0,0,0,0,0
166,0,0,0,0,0,0,0,16356
167,0,0,0,0,0,0,0,256476
168,0,0,0,0,0,0,0,1956
169,0,0,0,0,0,0,0,41556
170,0,0,0,0,0,0,1,152
171,0,0,1,0,1,0,0,0
172,0,0,1,0,0,0,0,0
173,0,0,0,0,0,0,1,28
174,0,0,0,0,0,0,0,26976
175,0,1,0,1,0,0,0,0
176,0,0,0,0,0,0,1,28
177,0,0,0,0,0,0,0,79716
178,1,0,0,0,0,0,0,0
179,0,0,0,0,0,0,0,363156
180,0,0,0,0,0,0,0,1276716
181,0,0,0,0,0,0,1,746
182,0,0,0,0,0,0,0,5556
183,0,0,0,0,0,0,1,740
184,0,0,0,0,0,0,1,357
185,0,0,0,0,0,0,1,2
186,0,0,0,0,0,0,0,181356
187,0,0,0,0,0,0,0,917761
188,0,0,0,0,0,0,1,191
189,0,0,0,0,0,0,0,40032
190,0,0,0,0,0,0,1,2531288
191,1,1,0,1,0,0,0,0
192,0,0,0,0,0,0,0,194112
193,1,1,1,1,0,0,0,0
194,0,0,0,0,0,0,0,44436
195,0,0,0,0,0,0,0,51156
196,0,0,0,0,0,0,0,13476
197,0,0,0,0,0,0,0,10597621
198,0,0,0,0,0,0,1,340
199,0,0,0,0,0,0,0,4116
200,0,0,0,0,0,0,0,74676
201,0,0,0,0,0,0,0,201949
202,1,0,1,0,0,1,0,0
203,0,0,0,0,0,0,0,11179
204,0,1,1,1,0,0,0,0
205,0,0,0,0,0,0,1,59
206,0,0,0,0,0,0,1,40
207,0,0,0,0,0,0,0,247146
208,0,0,0,0,0,0,1,91359
209,0,0,0,0,0,0,1,3
210,0,0,0,0,0,0,0,14556
211,0,0,0,0,0,0,0,16716
212,1,1,1,1,0,1,0,0
213,1,0,1,0,0,0,0,0
214,0,0,0,0,0,0,0,389641
215,0,0,0,0,0,0,0,2131416
216,0,0,0,0,0,0,0,24708
217,0,0,0,0,0,0,0,422586
218,0,0,0,0,0,0,0,1603236
219,0,0,0,0,0,0,0,420072
220,0,0,0,0,0,0,0,288222
221,0,0,0,0,0,0,0,7116
222,0,0,0,0,0,0,1,434
223,0,0,1,0,0,0,0,0
224,0,0,0,0,0,0,1,263
225,0,0,0,0,0,0,1,13023
226,0,0,0,0,0,0,1,36
227,0,0,0,0,0,0,1,7
228,0,0,0,0,0,0,0,8593
229,0,0,0,0,0,0,1,143
230,0,0,0,0,0,0,1,9
231,0,0,0,0,0,0,0,11593
232,0,0,0,0,0,0,0,133782
233,0,0,0,0,0,0,0,1544268
234,1,0,1,0,0,0,0,0
235,1,0,0,0,0,0,0,0
236,0,0,0,0,0,0,1,1682
237,0,0,0,0,0,0,0,710761
238,0,0,0,0,0,0,1,10913
239,0,0,0,0,0,0,0,34356
240,0,1,0,1,0,0,0,0
241,0,1,0,1,0,0,0,0
242,0,0,0,0,0,0,1,3
243,0,0,0,0,0,0,0,8952
244,0,0,0,0,0,0,1,8
245,0,1,0,1,0,0,0,0
246,1,0,1,0,0,0,0,0
247,0,0,0,0,0,0,0,61716
248,1,0,1,0,0,0,0,0
249,0,0,1,0,0,0,0,0
250,0,0,0,0,0,0,0,30756
251,0,0,0,0,0,0,0,19956
252,0,1,0,1,0,0,0,0
253,0,0,0,0,0,0,0,93816
254,0,1,0,1,0,0,0,0
255,0,0,0,0,0,0,1,240
256,0,0,0,0,0,0,1,23
257,0,0,0,0,0,0,0,140196
258,0,0,0,0,0,0,0,4476
259,0,0,0,0,0,0,0,14556
260,0,0,0,0,0,0,0,4116
261,0,0,0,0,0,0,1,35
262,0,0,0,0,0,0,1,12193
263,1,0,0,0,0,0,0,0
264,0,0,0,0,0,0,0,16482
265,0,0,0,0,0,0,0,1956
266,0,0,0,0,0,0,1,2942
267,0,0,0,0,0,0,1,69
268,0,0,0,0,0,0,0,3756
269,0,0,0,0,0,0,1,30731
270,0,1,0,1,0,0,0,0
271,0,0,0,0,0,0,1,3099587
272,0,0,0,0,0,0,1,80
273,0,1,0,1,0,0,0,0
274,1,1,0,1,0,0,0,0
275,0,0,0,0,0,0,1,124
276,0,0,0,0,0,0,0,1833756
277,0,0,0,0,0,0,0,50952
278,0,0,0,0,0,0,0,72306
279,0,1,0,0,0,0,0,0
280,0,0,0,0,0,0,1,73
281,0,0,0,0,0,0,0,95833
282,0,1,0,1,0,0,0,0
283,0,0,0,0,0,0,0,31116
284,0,0,0,0,0,0,1,487
285,0,0,0,0,0,0,0,20509
286,0,0,0,0,0,0,0,78792
287,0,0,0,0,0,0,1,3255
288,1,1,1,1,0,0,0,0
289,0,0,0,0,0,0,0,152436
290,0,0,0,0,0,0,0,6636
291,0,0,0,0,0,0,0,14346
292,0,0,1,0,0,0,0,0
293,0,0,1,0,0,0,0,0
294,0,0,0,0,0,0,1,101862
295,0,0,0,0,0,0,0,202836
296,1,1,1,1,0,0,0,0
297,0,0,0,0,0,0,0,4836
298,0,0,0,0,0,0,1,19
299,0,0,0,0,0,0,0,20226
300,0,0,0,0,0,0,0,76596
301,0,0,0,0,0,0,0,83676
302,0,0,0,0,0,0,0,210126
303,0,0,1,0,0,0,0,0
304,0,0,0,0,0,0,0,383556
305,0,0,0,0,0,0,1,151
306,0,0,0,0,0,0,1,10499
307,0,1,0,1,0,0,0,0
308,0,0,0,1,0,0,0,0
309,0,0,0,0,0,0,0,58129
310,0,0,0,0,0,0,1,833429
311,0,0,0,0,0,0,0,41389
312,0,0,0,0,0,0,1,84
313,0,0,0,0,0,0,1,165
314,0,0,0,0,0,0,0,551461
315,0,0,0,0,0,0,1,14
316,0,0,0,0,0,0,0,344916
317,0,0,0,0,0,0,1,62
318,0,0,0,0,0,0,1,6
319,0,0,0,0,0,0,0,5916
320,0,0,0,0,0,0,0,6996
321,0,0,0,0,0,0,0,40836
322,0,0,0,0,0,0,0,1683462
323,0,0,0,0,0,0,0,1956
324,0,0,0,0,0,0,0,708882
325,0,0,0,0,0,0,0,25956
326,0,0,0,0,0,0,0,84186
327,0,0,0,0,0,0,1,2804
328,0,0,0,0,0,0,1,1072
329,0,0,0,0,0,0,0,24276
330,0,0,0,0,0,0,0,43836
331,1,1,0,1,0,0,0,0
332,0,0,0,0,0,0,1,8
333,1,1,1,1,0,0,0,0
334,0,0,0,0,0,0,0,186636
335,0,0,1,0,0,0,0,0
336,0,1,1,1,0,0,0,0
337,0,0,0,0,0,0,0,1734726
338,0,0,0,0,0,0,0,242388
339,0,1,0,1,1,0,0,0
340,0,0,0,0,0,0,1,99
341,0,0,0,0,0,0,0,5916
342,1,0,1,0,0,0,0,0
343,1,1,1,1,0,0,0,0
344,0,0,0,0,0,0,0,149106
345,0,0,0,0,0,0,0,481266
346,1,0,0,0,0,0,0,0
347,0,0,0,0,0,0,0,9876
348,0,0,0,0,0,0,0,380556
349,1,0,0,0,0,0,0,0
350,0,0,0,0,0,0,0,17592
351,0,0,0,0,0,0,0,2510076
352,0,0,0,0,0,0,0,25872
353,0,0,0,0,0,0,1,1120
354,0,0,0,0,0,0,0,58626
355,1,1,1,1,0,0,0,0
356,1,1,1,1,0,0,0,0
357,1,1,1,1,0,0,0,0
358,0,0,0,0,0,0,1,15
359,0,0,0,0,0,0,0,1123362
360,0,0,0,0,0,0,1,12
361,0,0,0,0,0,0,0,283698
362,0,0,0,0,0,0,0,145716
363,0,0,0,0,0,0,0,123276
364,0,0,0,0,0,0,0,1956
365,0,0,1,0,0,0,0,0
366,0,0,0,0,0,0,0,53196
367,0,0,0,0,0,0,0,4116
368,0,0,0,0,0,0,0,437466
369,0,0,0,0,0,0,0,8436
370,0,1,0,0,0,0,0,0
371,1,1,1,1,0,0,0,0
372,0,0,0,0,0,0,0,11076
373,1,1,1,1,0,0,0,0
374,0,0,0,0,0,0,0,1956
375,1,0,1,0,0,0,0,0
376,0,0,0,0,0,0,1,29
377,0,0,0,0,0,0,0,3396
378,0,0,0,0,0,0,1,861
379,0,1,0,1,0,0,0,0
380,1,1,1,1,0,0,0,0
381,0,0,0,0,0,0,0,35916
382,0,0,0,0,0,0,0,668556
383,0,0,0,0,0,0,0,3077916
384,0,0,0,0,0,0,0,19236
385,0,0,0,0,0,0,0,874596
386,0,0,0,0,0,0,0,217716
387,1,0,0,0,0,1,0,0
388,0,0,1,0,0,0,0,0
389,0,0,0,0,0,0,1,142
390,0,1,0,1,0,1,0,0
391,0,1,1,1,0,0,0,0
392,0,0,0,0,0,0,0,273553
393,0,0,0,0,0,0,0,77338446
394,0,0,0,0,0,0,0,12036
395,0,1,0,1,0,0,0,0
396,0,0,0,0,0,0,0,171666
397,0,1,0,1,0,0,0,0
398,0,1,0,1,0,0,0,0
399,0,1,0,1,0,0,0,0
400,0,0,0,0,0,0,1,1011
401,0,0,0,0,0,0,1,95
402,0,0,0,0,0,0,1,18
403,0,0,0,0,0,0,1,528
404,0,0,0,0,0,0,1,138
405,0,1,0,1,0,0,0,0
406,1,0,1,0,0,1,0,0
407,0,0,0,0,0,0,1,74142
408,0,0,0,0,0,0,1,12
409,0,0,0,0,0,0,0,657696
410,0,0,0,0,0,0,1,399
411,0,0,0,0,0,0,1,1
412,0,0,0,0,0,0,0,9996
413,0,1,0,1,0,0,0,0
414,0,0,0,0,0,0,0,62436
415,0,1,0,1,0,0,0,0
416,0,1,0,0,0,0,0,0
417,0,0,0,0,0,0,0,208752
418,0,0,0,0,0,0,1,6
419,0,0,0,0,0,0,1,19
420,0,1,0,1,0,0,0,0
421,0,0,0,0,0,0,0,309109
422,0,0,0,0,0,0,0,15696
423,0,0,0,0,0,0,0,79356
424,0,0,0,0,0,0,0,793302
425,0,0,0,0,0,0,0,1484401
426,0,0,0,0,0,0,0,216516
427,0,0,0,0,0,0,1,23941
428,0,0,0,0,0,0,0,14256
429,0,0,0,0,0,0,1,28
430,0,0,0,0,0,0,0,145356
431,0,1,0,1,0,0,0,0
432,0,1,0,1,0,0,0,0
433,0,0,0,0,0,0,0,17076
434,0,1,0,1,0,0,0,0
435,0,0,0,0,0,0,0,4476
436,0,0,0,0,0,0,1,15
437,0,0,0,0,0,0,0,1956
438,1,1,1,1,0,0,0,0
439,0,0,0,0,0,0,1,108
440,0,0,0,0,0,0,1,3108
441,0,0,0,0,0,0,1,72
442,0,0,0,0,0,0,1,241
443,0,1,0,1,0,0,0,0
444,0,0,0,0,0,0,0,254196
445,0,1,0,1,0,0,0,0
446,0,0,0,0,0,0,1,115
447,0,0,0,0,0,0,0,31476
448,0,0,0,0,0,0,0,107022
449,0,0,0,0,1,0,0,0
450,0,0,0,0,0,0,0,173196
451,0,0,0,0,0,0,1,1785
452,0,0,0,0,0,0,0,6996
453,1,0,1,0,0,0,0,0
454,1,1,0,1,0,0,0,0
455,0,0,0,0,0,0,0,4836
456,0,0,0,0,0,0,1,13804
457,0,0,0,0,0,0,1,12
458,0,1,0,1,0,0,0,0
459,0,0,0,0,0,0,1,752
460,0,0,0,0,0,0,1,102
461,0,0,0,0,0,0,0,19236
462,0,0,0,0,0,0,0,8436
463,0,0,0,0,0,0,0,4719036
464,0,0,0,0,0,0,0,6276
465,1,1,1,1,0,1,0,0
466,0,0,0,0,0,0,1,3594
467,1,0,0,0,0,0,0,0
468,0,0,0,0,0,0,0,34836
469,0,0,0,0,0,0,1,2407
470,0,0,0,0,0,0,1,23858
471,0,0,0,0,0,0,0,13266
472,0,0,0,0,0,0,0,3396
473,0,0,0,1,0,0,0,0
474,0,0,0,0,0,0,0,5556
475,0,0,0,0,0,0,0,136009
476,0,1,0,0,0,0,0,0
477,0,0,0,0,0,0,0,217236
478,0,0,0,0,0,0,0,153156
479,0,0,0,0,0,0,0,119796
480,0,0,0,0,0,0,0,1641876
481,0,0,0,0,0,0,0,4844472
482,0,1,0,1,0,0,0,0
483,0,0,0,0,0,0,0,49302
484,0,0,0,0,0,0,1,11724
485,1,1,1,1,0,0,0,0
486,1,1,1,1,0,0,0,0
487,0,0,0,0,0,0,0,1288903
488,1,1,1,1,0,0,0,0
489,0,1,0,1,0,0,0,0
490,1,0,0,0,0,0,0,0
491,0,0,0,0,0,0,0,20473
492,0,0,0,0,0,0,0,9636
493,0,0,0,0,0,0,1,1965
494,0,0,0,0,0,0,0,49266
495,0,0,0,0,0,0,0,2047663
496,0,0,0,0,0,0,1,11
497,0,0,0,0,0,0,0,127986
498,0,0,0,0,0,0,0,180876
499,0,0,0,0,0,1,0,0
500,0,0,0,0,0,0,0,11316
501,0,0,0,0,0,0,0,29832
502,0,0,0,0,0,0,1,647
503,0,0,0,0,0,0,0,1956
504,0,1,0,1,0,0,0,0
505,0,0,0,0,0,0,1,2
506,0,0,0,0,0,0,1,6191
507,0,0,0,0,0,0,0,55026
508,0,0,0,0,0,0,1,713
509,0,0,0,0,0,0,0,87942
510,0,0,0,0,0,0,0,1956
511,1,1,0,1,0,0,0,0
512,0,0,0,0,0,0,0,19506
513,1,1,1,1,0,1,0,0
514,1,1,1,1,0,0,0,0
515,0,0,0,0,0,0,0,167826
516,0,0,0,0,0,0,0,4632
517,1,0,1,0,0,0,0,0
518,0,0,0,0,0,0,0,18306
519,0,0,0,0,0,0,0,5155446
520,0,0,0,0,0,0,0,12396
521,0,0,0,0,0,0,0,2676
522,0,0,1,0,0,0,0,0
523,0,0,0,0,0,0,0,14446308
524,0,0,1,0,0,0,0,0
525,1,1,1,1,0,0,0,0
526,0,0,0,0,0,0,1,4796
527,0,0,0,0,0,0,0,12396
528,0,1,0,1,0,0,0,0
529,0,0,0,0,0,0,1,7
530,0,0,0,0,0,0,1,231
531,0,0,0,0,0,0,0,55356
532,0,0,0,0,0,0,0,25356
533,0,0,0,0,0,0,0,27702
534,0,0,0,0,0,0,1,2029
535,0,1,0,1,0,0,0,0
536,1,0,1,0,0,0,0,0
537,0,0,0,0,0,0,0,37296
538,0,0,0,0,0,0,0,6276
539,0,0,0,0,0,0,0,327822
540,0,0,0,0,0,0,0,247236
541,0,0,0,0,0,0,0,51636
542,0,1,0,1,0,0,0,0
543,0,0,0,0,0,0,1,56
544,0,0,0,0,0,0,0,368916
545,0,0,0,0,0,0,0,118716
546,0,0,0,0,0,0,1,2842
547,0,0,0,0,0,0,0,21913
548,0,0,0,0,0,0,0,21756
549,0,1,0,1,0,0,0,0
550,0,0,0,0,0,0,0,149916
551,0,0,1,0,0,0,0,0
552,0,0,0,0,0,0,0,26556
553,0,0,0,0,0,0,0,21156
554,0,0,0,0,0,0,1,39
555,0,0,0,0,0,0,0,6276
556,0,0,0,0,0,0,0,4836
557,0,0,0,0,0,0,0,136626
558,0,0,0,0,0,0,1,784
559,0,0,0,0,0,0,0,17832
560,0,0,0,0,0,0,1,4460
561,0,1,1,1,0,0,0,0
562,0,0,0,0,0,0,1,61
563,0,0,0,0,0,0,1,421
564,0,0,0,0,0,0,0,382320
565,0,0,0,0,1,0,0,0
566,0,0,0,0,0,0,0,1524318
567,0,0,0,0,0,0,0,180306
568,0,0,0,0,0,0,0,74076
569,1,0,1,0,0,0,0,0
570,0,0,0,0,0,0,0,35916
571,0,0,0,0,0,0,1,8
572,0,0,0,0,0,0,0,2676
573,0,0,0,0,0,0,0,87066
574,0,0,0,0,0,0,1,83
575,1,1,1,1,0,0,0,0
576,1,0,1,1,0,1,0,0
577,0,0,0,0,0,0,0,1565556
578,0,0,0,0,0,0,0,42546
579,0,0,0,0,0,0,0,354552
580,0,0,0,0,0,0,0,11316
581,0,0,0,0,0,0,1,143
582,0,0,0,0,0,0,0,1772946
583,0,0,0,0,0,0,0,11316
584,0,0,0,0,0,0,1,5
585,1,0,0,0,0,0,0,0
586,1,1,1,1,1,0,0,0
587,1,1,1,1,0,0,0,0
588,0,0,0,0,0,0,1,7984
589,0,0,0,0,0,0,1,184957
590,0,0,0,0,0,0,1,1374116
591,0,0,0,0,0,0,1,63
592,0,0,0,0,0,1,0,0
593,0,0,0,0,0,0,0,3468223
594,0,0,0,0,0,0,0,10386
595,0,0,0,0,0,0,1,18
596,0,0,0,0,0,0,0,4626
597,0,1,0,1,0,0,0,0
598,0,0,0,0,0,0,1,27
599,0,0,0,0,0,0,1,462
600,0,0,0,0,0,0,0,49836
601,0,1,0,1,0,0,0,0
602,0,0,0,0,0,0,1,87
603,1,1,1,1,0,0,0,0
604,0,0,0,0,0,0,1,64
605,0,0,0,0,0,0,0,4836
606,0,1,0,1,0,0,0,0
607,0,0,1,0,0,0,0,0
608,1,0,0,0,1,0,0,0
609,0,0,0,0,0,0,0,1093542
610,0,0,0,0,0,0,0,121422
611,0,0,0,0,0,0,1,1191
612,0,0,0,0,0,0,0,220063
613,1,0,1,0,0,0,0,0
614,0,1,0,1,0,0,0,0
615,0,0,0,0,0,0,0,1956
616,0,0,0,0,0,0,1,161
617,0,0,0,0,0,0,1,637841
618,1,1,1,1,0,0,0,0
619,0,0,0,0,0,0,0,72786
620,1,1,1,1,0,0,0,0
621,0,0,0,0,0,0,1,1517
622,0,1,0,1,0,0,0,0
623,0,0,0,0,0,0,1,38
624,0,0,0,0,0,0,0,9075936
625,0,0,0,0,0,0,0,7716
626,0,0,0,0,0,0,0,59916
627,0,0,0,0,0,0,0,160116
628,1,1,1,1,0,0,0,0
629,0,0,0,0,0,0,0,123996
630,1,1,1,1,0,0,0,0
631,0,0,0,0,0,0,0,171156
632,0,0,0,0,0,0,1,358
633,0,0,0,0,0,0,1,138
634,0,0,0,0,0,0,1,419
635,0,0,0,0,0,0,0,312636
636,0,0,0,0,0,0,0,5676
637,0,0,0,0,0,0,0,4116
638,0,0,0,0,0,0,0,874512
639,1,1,1,1,0,0,0,0
640,0,0,0,0,0,1,0,0
641,0,0,0,0,0,0,1,4181
642,0,0,0,0,0,0,0,22032
643,0,0,0,0,0,0,1,324
644,0,0,0,0,0,0,0,241596
645,0,0,0,0,0,0,0,19956
646,0,0,0,0,0,0,0,23076
647,0,0,0,0,0,0,1,928
648,0,0,0,0,0,0,1,74214
649,0,0,0,0,0,0,0,186408
650,0,0,0,0,0,0,0,460903
651,0,0,0,0,0,0,0,8592
652,0,0,0,0,0,0,0,30906
653,1,0,0,0,0,0,0,0
654,0,0,0,0,0,0,0,17226
655,0,0,0,0,0,0,1,639
656,0,0,0,0,0,0,1,26
657,0,0,0,0,0,0,1,4
658,0,0,0,0,0,1,0,0
659,0,0,0,0,0,0,0,17436
660,0,0,0,0,0,0,1,1567
661,0,0,0,0,0,0,1,49
662,0,0,0,0,0,0,0,249432
663,1,0,1,0,0,0,0,0
664,0,0,0,0,0,0,0,2676
665,0,0,0,0,0,0,0,960156
666,1,1,0,1,0,0,0,0
667,0,0,0,0,0,0,1,28290
668,0,0,1,0,0,0,0,0
669,0,0,0,0,0,0,0,4116
670,0,0,0,0,0,0,0,18312
671,0,0,0,0,0,0,1,2404
672,0,1,0,1,0,0,0,0
673,1,0,0,0,0,0,0,0
674,0,0,1,0,0,0,0,0
675,0,0,0,0,0,0,0,101556
676,1,1,1,1,0,0,0,0
677,0,0,0,0,0,0,1,45
678,0,1,1,1,0,0,0,0
679,0,0,0,0,0,0,0,6996
680,0,0,0,0,0,0,1,8523
681,0,0,0,0,0,0,1,3913
682,0,0,0,0,0,0,1,39359
683,0,0,0,0,0,0,0,131298
684,0,0,0,0,0,0,0,10236
685,0,0,0,0,0,0,0,40026
686,0,0,0,0,0,0,0,14196
687,0,0,0,0,0,0,1,6567
688,0,0,0,0,0,0,0,27876
689,0,0,0,0,0,0,0,1811226
690,1,0,0,0,0,0,0,0
691,0,1,0,1,0,0,0,0
692,0,0,0,0,0,0,0,52146
693,0,0,1,0,0,0,0,0
694,0,0,0,0,0,0,1,15
695,0,0,0,0,0,0,0,545863
696,0,0,0,0,0,0,0,275316
697,0,0,0,0,0,0,0,35466
698,0,0,0,0,0,0,0,4836
699,0,0,0,0,0,0,0,4116
700,0,0,0,0,0,0,0,16482
701,1,1,0,0,0,0,0,0
702,1,0,1,0,0,0,0,0
703,0,0,0,0,0,0,0,14916
704,0,0,0,0,0,0,1,58
705,0,0,0,0,0,0,0,1956
706,0,0,0,0,0,0,0,10026
707,0,0,0,0,0,0,1,104
708,0,0,0,0,0,0,0,67476
709,0,0,0,0,0,0,0,53556
710,0,0,0,0,0,0,1,151
711,0,0,0,0,0,0,1,1624
712,0,1,0,1,0,0,0,0
713,0,0,0,0,0,0,0,56472
714,0,0,0,0,0,0,0,25512
715,0,0,0,0,0,0,0,3396
716,0,0,0,0,0,0,0,118356
717,0,0,0,0,0,0,0,14196
718,0,0,0,0,0,0,0,14316
719,0,0,0,0,0,0,0,382476
720,0,0,0,0,0,0,0,654822
721,0,0,0,0,0,0,0,3767316
722,0,0,0,0,0,0,0,7356
723,0,0,0,0,0,0,0,34536
724,0,0,0,0,0,0,0,103656
725,0,0,0,0,0,0,1,40667
726,0,0,0,0,0,0,1,330
727,0,0,0,0,0,0,0,2899956
728,0,0,0,0,0,0,1,179
729,0,0,0,0,0,0,1,20
730,0,0,0,0,0,0,0,8436
731,0,1,0,0,0,0,0,0
732,0,0,0,0,0,0,1,64
733,0,0,0,0,0,0,1,1070
734,0,1,0,1,0,0,0,0
735,0,0,0,0,0,0,1,119031
736,0,0,0,0,0,0,1,828
737,0,0,0,0,0,0,0,594516
738,1,1,1,1,0,0,0,0
739,0,0,0,0,0,0,0,18996
740,0,0,0,0,0,0,1,948
741,0,0,0,0,0,0,1,1
742,0,0,0,0,0,0,1,13472
743,1,1,1,1,0,0,0,0
744,1,1,1,1,0,0,0,0
745,0,0,0,0,0,0,1,6
746,0,0,0,0,0,0,0,11466
747,1,1,1,0,1,0,0,0
748,0,0,0,0,0,0,1,401
749,0,0,0,0,0,0,1,591
750,0,0,0,0,0,0,1,22
751,1,1,1,1,0,0,0,0
752,0,0,0,0,0,0,1,395
753,0,0,0,0,0,0,1,1199
754,1,0,1,0,0,0,0,0
755,0,0,0,0,0,0,0,39306
756,0,0,0,0,0,0,0,4836
757,1,1,1,1,0,0,0,0
758,0,0,0,0,0,0,0,3913
759,0,0,0,0,0,0,1,1115
760,1,1,1,1,0,0,0,0
761,0,0,0,0,0,0,0,1956
762,0,0,0,0,0,0,1,465
763,0,0,0,0,0,0,0,148956
764,0,0,0,0,0,0,0,36516
765,0,0,0,0,0,0,0,4476
766,0,0,0,0,0,0,1,31
767,0,0,0,0,0,0,0,1426836
768,0,0,0,0,0,0,1,243
769,0,0,0,0,0,0,0,5916
770,1,1,1,1,0,0,0,0
771,0,0,1,0,0,0,0,0
772,0,0,0,0,0,0,0,13056
773,0,1,0,1,0,0,0,0
774,0,0,0,0,0,0,0,28716
775,0,0,0,0,0,0,0,2403756
776,0,0,0,0,0,0,1,19
777,0,0,0,0,0,0,0,123516
778,0,0,0,0,0,0,1,177795
779,0,0,0,0,0,0,0,568963
780,0,0,0,0,0,0,0,38316
781,0,1,1,0,1,0,0,0
782,0,0,0,0,0,0,1,2124
783,0,0,0,0,0,0,1,52
784,0,1,0,1,0,0,0,0
785,0,0,0,0,0,0,0,5926536
786,0,0,0,0,0,0,0,5556
787,0,0,1,0,0,0,0,0
788,0,0,0,0,0,0,0,75546
789,1,1,1,1,0,0,0,0
790,0,0,0,0,0,0,0,756066
791,0,0,0,0,0,0,1,196
792,0,0,0,0,0,0,0,48396
793,0,0,0,0,0,0,0,26436
794,0,0,0,0,0,0,1,195
795,0,0,0,0,0,0,1,999
796,0,0,0,0,0,0,1,17
797,0,0,0,0,0,0,0,32196
798,0,0,0,0,0,0,0,1956
799,0,0,0,0,0,0,1,4806
800,0,0,0,0,0,0,0,111396
801,0,0,0,0,0,0,0,1493676
802,0,0,0,0,0,0,0,82836
803,0,0,0,0,0,0,0,63516
804,0,0,0,0,0,0,1,209
805,0,0,0,0,0,0,0,78073
806,0,0,0,0,0,0,1,155
807,1,0,1,0,0,0,0,0
808,0,0,0,0,0,0,0,12036
809,0,0,0,0,0,0,0,268663
810,0,0,0,0,0,0,1,969
811,0,0,0,0,0,0,1,598
812,1,1,1,1,0,0,0,0
813,0,0,0,0,0,0,1,19245
814,0,0,0,0,0,0,1,10
815,0,0,0,0,0,0,0,108672
816,0,0,0,0,0,0,1,451
817,0,0,0,0,0,0,0,153276
818,0,0,1,0,0,0,0,0
819,1,1,1,1,0,0,0,0
820,0,1,0,1,0,0,0,0
821,0,0,0,0,0,0,1,151
822,0,0,0,0,0,0,0,353316
823,0,1,0,1,0,0,0,0
824,0,0,0,0,0,0,1,10
825,0,0,0,0,0,0,0,2902476
826,0,0,0,0,0,0,1,5674
827,0,1,0,1,0,0,0,0
828,0,0,0,0,0,0,1,313
829,0,1,0,0,0,0,0,0
830,0,0,0,0,0,0,0,5556
831,0,0,0,0,0,0,0,35676
832,1,0,0,0,0,0,0,0
833,0,0,0,0,0,0,0,9876
834,0,0,0,0,0,0,1,68
835,0,0,0,0,0,0,0,4116
836,0,1,0,1,0,0,0,0
837,0,0,0,0,0,0,1,148
838,0,0,0,0,0,0,0,4116
839,0,0,0,0,0,0,0,13026
840,1,1,1,1,0,0,0,0
841,0,0,0,0,0,0,0,10596
842,0,0,0,0,0,0,0,9426
843,1,1,1,1,0,0,0,0
844,0,0,0,0,0,0,0,17706
845,0,0,0,0,0,0,0,36516
846,0,0,0,0,0,0,1,499
847,0,0,0,0,0,0,0,7152
848,0,0,0,0,0,0,0,31116
849,0,0,0,0,0,0,1,155
850,0,0,0,0,0,0,0,225156
851,0,0,0,0,0,0,0,74743
852,0,0,0,0,0,0,0,26796
853,0,0,0,0,0,0,0,9156
854,1,1,1,1,0,0,0,0
855,0,0,0,0,0,0,1,29
856,0,0,0,0,0,0,0,251076
857,0,0,0,0,0,0,1,67
858,0,0,0,0,0,0,0,6073
859,0,0,0,0,0,0,0,484356
860,0,0,0,0,0,0,0,912186
861,0,0,0,0,0,0,0,1638228
862,0,0,0,0,0,0,0,27276
863,0,0,0,0,0,0,0,1275432
864,0,0,0,0,0,0,1,875
865,0,0,0,0,0,0,1,9492
866,0,0,0,0,0,0,1,10878
867,0,0,0,0,0,0,0,867186
868,0,0,0,0,0,0,0,73236
869,0,0,0,0,0,0,1,38
870,0,0,0,0,0,0,0,379146
871,0,0,0,0,0,0,0,711702
872,0,0,0,0,0,0,1,358
873,0,0,0,0,0,0,1,13207
874,0,0,0,0,0,0,1,512
875,0,0,0,0,0,0,0,167196
876,0,0,0,0,0,0,0,12276
877,0,0,0,0,0,0,1,2252
878,0,0,0,0,0,0,1,139
879,0,0,0,0,0,0,0,288516
880,1,1,1,1,0,0,0,0
881,0,0,0,0,0,0,1,3641
882,1,1,1,1,0,0,0,0
883,0,0,0,0,0,0,1,3
884,0,0,0,0,0,0,1,26
885,0,0,0,0,0,0,0,95832
886,0,0,0,0,0,0,1,6
887,0,0,0,0,0,0,0,5916
888,0,0,0,0,0,0,1,1149
889,0,0,0,0,0,0,1,187889
890,0,0,0,0,0,0,1,6
891,0,0,0,0,0,0,1,35
892,1,1,1,1,0,0,0,0
893,0,0,0,0,0,0,1,61
894,0,0,0,0,0,0,1,8
895,0,0,0,0,0,0,0,176322
896,0,0,0,0,0,0,1,88
897,0,0,0,0,0,0,0,96276
898,0,0,0,0,0,0,1,6463
899,0,0,0,0,0,0,1,227
900,0,0,0,0,0,0,0,42528
901,0,0,0,0,0,0,1,76
902,1,1,0,1,0,0,0,0
903,0,0,0,0,0,0,0,3396
904,0,0,0,0,0,0,0,3912
905,0,0,0,0,0,0,1,616
906,0,0,0,0,0,0,0,82189
907,0,0,0,0,0,0,0,43116
908,1,0,1,0,0,0,0,0
909,0,0,0,0,0,0,0,7512
910,0,0,0,0,0,0,0,1956
911,0,0,0,0,0,0,0,25716
912,0,0,0,0,0,0,1,610
913,0,1,0,1,0,0,0,0
914,0,0,0,0,0,0,0,14353
915,0,0,0,0,0,0,0,1459416
916,1,0,1,0,0,0,0,0
917,0,0,0,0,0,0,1,822
918,0,0,0,0,0,0,0,5826
919,0,1,0,1,0,0,0,0
920,0,1,0,1,0,0,0,0
921,0,0,0,0,0,0,1,33
922,0,0,0,0,0,0,0,16872
923,0,0,0,0,0,0,1,2994
924,0,0,0,0,0,0,0,95353
925,0,0,0,0,0,0,0,5869
926,0,0,0,0,0,0,1,58
927,0,0,0,0,0,0,1,1941
928,0,0,0,0,0,0,1,3998
929,0,0,0,0,0,0,1,105
930,0,0,0,0,0,0,0,11316
931,0,0,0,0,0,0,0,173736
932,0,0,0,0,0,0,0,6066
933,0,0,0,0,0,0,1,6557
934,0,0,0,0,0,0,0,88116
935,1,0,1,0,0,0,0,0
936,0,0,0,0,0,0,1,82
937,0,0,0,0,0,0,0,3176653
938,0,0,0,0,0,0,0,10718719
939,0,0,0,0,0,0,1,240
940,0,0,0,0,0,0,1,1231118
941,0,0,0,0,0,0,0,7512
942,0,0,0,0,0,0,0,42786
943,0,0,0,0,0,0,0,13036956
944,0,0,0,0,0,0,0,166596
945,0,0,0,0,0,0,0,14676
946,1,0,1,0,0,0,0,0
947,0,0,0,0,0,0,0,1956
948,0,0,0,0,0,0,0,23676
949,0,0,0,0,0,0,0,6996
950,0,0,0,0,0,0,1,38258
951,0,0,0,0,0,0,0,142632
952,0,0,0,0,0,0,0,835609
953,0,0,0,0,0,0,0,6546
954,0,0,0,0,0,0,0,5675796
955,0,0,0,0,0,0,1,10266
956,0,1,0,1,0,0,0,0
957,0,0,0,0,0,0,0,19836
958,1,1,0,1,0,0,0,0
959,0,0,0,0,0,0,0,24996
960,1,0,0,0,0,0,0,0
961,0,0,0,0,0,0,0,1126741
962,0,1,0,1,0,0,0,0
963,0,0,0,0,0,0,1,1397
964,0,0,0,0,0,0,0,31716
965,0,0,0,0,0,0,0,648882
966,0,0,0,0,0,0,0,1263109
967,0,0,0,0,0,0,0,76476
968,0,1,0,1,0,0,0,0
969,0,0,0,0,0,0,0,40986
970,0,0,0,0,0,0,1,404
971,0,0,0,0,0,0,0,166728
972,0,0,0,0,0,0,1,40
973,0,0,0,0,0,0,1,5558
974,0,1,0,1,0,0,0,0
975,0,0,0,0,0,0,0,31476
976,0,0,0,0,0,0,1,2111
977,0,0,0,0,0,0,1,16129
978,0,0,0,0,0,0,0,691956
979,0,0,0,0,0,0,1,1753
980,0,1,0,1,0,0,0,0
981,0,0,0,0,0,0,0,658266
982,0,0,0,0,0,0,1,4132
983,0,0,0,0,0,0,1,995
984,0,0,0,0,0,0,0,25716
985,0,0,0,0,0,0,0,61476
986,0,1,0,1,0,0,0,0
987,0,0,0,0,0,0,0,197796
988,0,0,0,0,0,0,0,4260469
989,0,0,0,0,0,0,1,29
990,0,0,0,0,0,0,0,1071222
991,0,0,0,0,0,0,0,563556
992,0,0,0,0,0,0,1,48
993,1,1,0,1,0,0,0,0
994,0,0,0,0,0,0,0,85776
995,0,0,0,0,0,0,0,5141442
996,0,0,0,0,0,0,0,241992
997,1,0,1,0,0,0,0,0
998,0,0,0,0,0,0,0,375942
999,0,0,0,0,0,0,0,361716
1000,0,0,0,0,0,0,1,403
1001,0,0,0,0,0,0,0,711516
1002,0,0,1,0,0,0,0,0
1003,0,0,0,0,0,0,0,48276
1004,1,1,1,1,1,0,0,0
1005,0,0,0,0,0,0,0,263586
1006,1,1,1,1,0,0,0,0
1007,0,0,0,0,0,0,0,90588
1008,1,1,1,1,0,0,0,0
1009,1,0,1,0,0,0,0,0
1010,0,1,0,1,0,0,0,0
1011,0,0,0,0,0,0,0,4836
1012,1,1,1,1,0,0,0,0
1013,0,0,0,0,0,0,0,38796
1014,0,0,0,0,0,0,1,281
1015,0,0,1,0,0,0,0,0
1016,0,0,0,0,0,0,0,1956
1017,0,0,0,0,0,0,1,7125
1018,1,1,0,1,0,0,0,0
1019,0,0,0,0,0,0,0,6276
1020,0,0,0,0,0,0,0,112356
1021,0,0,1,0,0,0,0,0
1022,0,0,0,0,0,0,1,548
1023,0,0,0,0,0,0,1,27298
1024,0,0,0,0,0,0,1,13
1025,0,0,0,0,0,0,0,24756
1026,1,0,1,0,0,1,0,0
1027,0,0,0,0,0,0,0,25512
1028,1,0,1,1,0,0,0,0
1029,0,0,0,0,0,0,0,311556
1030,0,0,0,0,0,1,0,0
1031,0,0,0,0,0,0,0,1956
1032,0,0,0,0,0,0,1,3847284
1033,0,0,0,0,0,0,0,4836
1034,1,1,0,1,0,0,0,0
1035,0,0,0,0,0,0,0,11530866
1036,0,0,0,0,0,0,1,13
1037,0,0,0,0,0,0,0,160356
1038,0,0,0,0,0,0,0,50833
1039,0,0,0,0,0,0,1,1231
1040,0,0,0,0,0,0,1,6
1041,0,0,0,0,0,0,1,924
1042,0,0,0,0,0,0,1,191
1043,0,0,0,0,0,0,0,292956
1044,0,0,0,0,0,0,0,69636
1045,0,0,0,0,0,0,1,38
1046,0,0,0,0,1,0,0,0
1047,0,0,0,0,0,0,0,16356
1048,1,0,1,0,0,0,0,0
1049,0,0,0,0,0,0,1,1228
1050,0,0,0,0,0,0,0,5656812
1051,0,0,0,0,0,0,0,5556
1052,0,0,0,0,0,0,0,648102
1053,0,0,0,0,0,0,1,6865
1054,0,0,0,0,0,0,1,45
1055,0,0,0,0,0,0,1,239
1056,0,0,0,0,0,0,0,95916
1057,0,0,0,0,0,0,0,45462
1058,0,0,0,0,0,0,0,103363
1059,1,0,1,0,0,0,0,0
1060,1,1,0,1,0,0,0,0
1061,0,0,0,0,0,0,1,3
1062,0,0,0,0,0,0,1,677
1063,0,0,0,0,0,0,0,760320
1064,0,0,0,0,0,0,1,1305
1065,0,0,0,0,0,0,1,529
1066,0,0,0,0,0,0,1,78
1067,0,0,0,0,0,0,0,8788206
1068,0,0,0,0,0,0,1,459
1069,0,0,0,0,0,0,1,2370
1070,1,1,0,1,0,0,0,0
1071,0,0,0,0,0,0,1,2206
1072,0,0,0,0,0,0,0,251796
1073,1,1,0,1,0,0,0,0
1074,0,0,0,0,0,0,1,143
1075,0,0,0,0,0,0,1,38
1076,0,0,0,0,0,0,0,1068342
1077,0,0,0,0,0,0,0,19506
1078,0,0,0,0,0,0,0,8916
1079,1,0,0,0,0,0,0,0
1080,0,0,0,0,0,0,0,8819538
1081,0,0,0,0,0,0,0,137472
1082,0,0,0,0,0,0,0,95556
1083,0,0,0,0,0,0,0,30936
1084,0,0,0,0,0,0,1,2894
1085,0,0,0,0,0,0,1,114
1086,0,0,0,0,0,0,0,213636
1087,0,0,0,0,0,0,0,1375686
1088,0,0,0,0,0,0,0,7221103
1089,0,0,0,0,0,0,1,131
1090,0,0,0,0,0,0,0,54876
1091,0,0,0,0,0,0,0,868956
1092,1,1,1,1,0,0,0,0
1093,0,0,0,0,0,0,0,451122
1094,1,1,0,0,0,0,0,0
1095,1,0,1,0,0,0,0,0
1096,0,0,0,0,0,0,0,223362
1097,0,0,0,0,0,0,1,4909
1098,0,0,0,0,0,0,1,4435
1099,0,0,0,0,0,0,0,62676
1100,0,0,0,0,0,0,0,1956
1101,0,0,0,0,0,0,1,5686
1102,0,0,0,0,0,0,1,172
1103,0,0,0,0,0,0,0,4836
1104,0,0,0,0,0,0,0,4476
1105,0,0,0,0,0,0,0,28956
1106,0,0,0,0,0,0,0,1956
1107,0,0,0,0,0,0,0,1956
1108,1,0,0,0,0,0,0,0
1109,0,0,0,0,0,0,0,40026
1110,0,1,0,1,0,0,0,0
1111,0,0,0,0,0,0,1,24
1112,0,0,0,0,0,0,1,3195
1113,1,1,1,1,1,0,0,0
1114,0,0,0,0,0,0,1,6460
1115,0,0,0,0,0,0,1,1758
1116,0,0,0,0,0,0,1,78538
1117,0,1,0,1,0,0,0,0
1118,0,0,0,0,0,0,0,72876
1119,0,0,0,0,0,0,0,4836
1120,0,0,0,0,0,0,0,17796
1121,0,0,0,0,0,0,1,5317
1122,0,0,0,0,0,0,0,7993
1123,1,1,1,1,0,0,0,0
1124,0,0,0,0,0,0,0,33996
1125,0,0,0,0,0,0,1,57
1126,0,0,0,0,0,0,0,4827276
1127,0,0,0,0,0,0,0,34356
1128,0,0,0,0,0,0,0,52776
1129,0,0,0,0,0,0,0,6276
1130,0,0,0,0,0,0,0,20232
1131,1,1,1,1,0,0,0,0
1132,0,0,0,0,0,0,0,140586
1133,0,0,0,0,0,0,0,223062
1134,0,0,0,0,0,0,0,23316
1135,0,0,0,0,0,0,0,25716
1136,0,0,0,0,0,0,1,30
1137,1,1,1,1,0,0,0,0
1138,0,0,1,0,0,0,0,0
1139,0,1,0,1,0,0,0,0
1140,0,0,0,0,0,0,1,936
1141,0,0,0,0,0,0,0,17916
1142,0,0,0,0,0,0,0,586158
1143,0,0,0,0,0,0,0,9156
1144,0,0,0,0,0,0,0,96138
1145,1,0,1,0,0,0,0,0
1146,0,0,0,0,0,0,0,5196
1147,0,0,0,0,0,0,0,1956
1148,0,0,0,0,0,0,1,51
1149,0,1,0,1,0,0,0,0
1150,0,0,0,0,0,0,0,53383
1151,0,0,0,0,0,0,1,622
1152,0,0,0,0,0,0,1,48
1153,1,1,0,1,0,0,0,0
1154,0,0,0,0,0,0,1,276
1155,0,0,0,0,0,0,0,1956
1156,0,0,0,0,0,0,1,6407
1157,0,0,0,0,0,0,0,284796
1158,0,0,0,0,0,0,0,101076
1159,0,0,0,0,0,0,0,1782666
1160,0,0,0,0,0,0,1,19
1161,0,0,0,0,0,0,1,26484
1162,0,0,0,0,0,0,1,191633
1163,0,0,0,0,0,0,1,122
1164,0,1,1,1,0,0,0,0
1165,0,0,0,0,0,0,0,4836
1166,0,0,0,0,0,0,1,258
1167,0,0,1,0,0,0,0,0
1168,0,0,0,0,0,0,0,433669
1169,0,0,0,0,0,0,1,18
1170,0,0,0,0,0,0,0,159546
1171,0,0,0,0,0,0,1,56
1172,0,0,0,0,0,0,0,102756
1173,1,1,1,1,0,1,0,0
1174,0,0,0,0,0,0,0,125712
1175,0,0,0,0,0,0,1,1419
1176,0,0,0,0,0,0,0,4116
1177,0,1,0,1,0,0,0,0
1178,1,1,1,1,0,0,0,0
1179,0,0,0,0,0,0,0,27673
1180,0,0,0,0,0,0,0,39156
1181,0,0,0,0,0,0,0,4836
1182,0,0,0,0,0,0,1,150
1183,0,0,0,0,0,0,0,3396
1184,0,0,0,0,0,0,0,9156
1185,0,0,0,0,0,0,1,4
1186,0,0,0,0,0,0,1,728
1187,0,0,0,0,0,0,0,1956
1188,0,0,0,0,0,0,0,19596
1189,0,0,0,0,0,0,0,563713
1190,0,1,1,1,0,0,0,0
1191,0,0,0,0,0,0,0,391392
1192,0,0,0,0,0,0,0,79056
1193,0,0,0,0,0,0,0,110076
1194,0,0,0,0,0,0,1,109
1195,0,0,0,0,0,0,0,28596
1196,0,0,0,0,0,0,1,4066
1197,0,0,0,0,0,0,0,29676
1198,0,0,0,0,0,0,1,23540
1199,1,1,1,1,0,0,0,0
1200,0,0,0,0,0,0,1,1132
1201,0,0,0,0,0,0,1,2186
1202,0,0,0,0,0,0,0,21396
1203,0,0,0,0,0,0,1,1365
1204,0,0,0,0,0,0,1,1333
1205,0,0,0,0,0,0,0,818761
1206,0,0,0,0,0,0,1,266
1207,0,0,0,0,0,0,1,2050
1208,0,0,0,0,0,0,1,4949
1209,0,0,0,0,0,0,0,86916
1210,0,0,0,0,0,0,0,53616
1211,0,0,0,0,0,0,0,967476
1212,0,0,0,0,0,0,1,3422
1213,0,1,1,1,0,0,0,0
1214,0,1,0,1,0,0,0,0
1215,0,0,0,0,0,0,0,9156
1216,0,0,0,0,0,0,1,246
1217,0,0,0,0,0,0,0,46116
1218,0,0,0,0,0,0,0,1482276
1219,0,0,0,0,0,0,1,1039
1220,1,1,0,1,0,1,0,0
1221,0,0,0,0,0,0,0,6996
1222,0,0,0,0,0,0,1,681
1223,0,0,0,0,0,0,1,1430
1224,0,0,0,0,0,0,0,3217542
1225,0,0,0,0,0,0,0,6036
1226,0,0,0,0,0,0,0,1956
1227,1,1,1,1,1,1,0,0
1228,0,0,0,0,0,0,1,304
1229,1,0,1,0,0,0,0,0
1230,1,1,1,1,0,0,0,0
1231,0,0,0,0,0,0,0,187176
1232,0,0,0,0,0,0,0,221436
1233,0,0,0,0,0,0,0,59682
1234,0,0,0,0,0,0,1,3359
1235,0,0,0,0,0,0,1,2607
1236,0,0,0,0,0,0,0,50196
1237,0,0,0,0,0,0,1,21532
1238,0,0,0,0,0,0,1,20
1239,0,0,0,0,0,0,0,89136
1240,0,0,0,0,0,0,1,558
1241,0,0,0,0,0,0,1,168
1242,0,0,0,0,0,0,0,5706
1243,0,0,0,0,0,0,1,1377
1244,0,0,0,0,0,0,0,114996
1245,0,0,0,0,0,0,0,18156
1246,0,0,0,0,0,0,0,1140276
1247,0,0,0,0,0,0,1,3252
1248,0,0,0,0,0,0,1,121
1249,0,0,0,0,0,0,0,80676
1250,0,0,0,0,0,0,0,494976
1251,1,0,1,0,0,0,0,0
1252,0,0,0,0,0,0,0,244512
1253,0,0,0,0,0,0,0,4836
1254,0,0,0,0,0,0,0,36516
1255,0,0,0,0,0,0,1,157
1256,0,0,0,0,0,0,0,679266
1257,0,0,0,0,0,1,0,0
1258,0,1,0,1,0,0,0,0
1259,0,0,0,0,0,0,1,2
1260,0,1,0,1,0,0,0,0
1261,0,0,0,0,0,0,0,200983
1262,0,0,0,0,0,0,1,78239
1263,0,0,0,0,0,0,1,1041
1264,0,1,0,0,1,0,0,0
1265,0,0,0,0,0,0,1,427886
1266,0,1,0,1,0,0,0,0
1267,0,0,0,0,0,0,1,75
1268,0,1,0,1,0,0,0,0
1269,0,0,0,0,0,0,0,2470026
1270,0,0,0,0,0,0,0,4476
1271,0,0,0,0,0,0,1,3671
1272,0,0,0,0,0,0,0,4836
1273,0,1,0,1,0,0,0,0
1274,0,0,0,0,0,0,0,1038756
1275,0,0,0,0,0,0,0,10026
1276,0,0,0,0,0,0,0,4836
1277,0,0,0,0,0,0,0,81516
1278,0,0,0,0,0,0,1,573
1279,0,0,0,0,0,0,0,177529
1280,1,0,1,0,0,0,0,0
1281,0,1,0,1,0,0,0,0
1282,0,0,0,0,0,0,1,66
1283,0,1,0,0,0,0,0,0
1284,0,0,0,0,0,0,0,9876
1285,0,0,0,0,0,0,0,1956
1286,0,1,0,1,0,1,0,0
1287,0,0,0,0,0,0,1,51
1288,0,0,0,0,0,0,0,2924712
1289,0,0,0,0,0,0,1,26
1290,0,0,0,0,0,0,1,3178
1291,0,0,0,0,0,0,0,858636
1292,1,1,1,1,0,1,0,0
1293,0,0,0,0,0,0,0,41826
1294,0,1,0,0,0,0,0,0
1295,0,1,0,1,0,0,0,0
1296,0,0,0,0,0,0,0,18102
1297,0,0,0,0,0,0,1,255111
1298,0,0,0,0,0,0,1,258
1299,0,0,0,0,0,0,0,314586
1300,0,0,0,0,0,0,0,6276
1301,0,0,0,0,0,0,1,1798
1302,0,0,0,0,0,0,0,38316
1303,0,0,0,0,0,0,0,8076
1304,0,0,0,0,0,0,0,280596
1305,0,0,0,0,0,0,0,1956
1306,0,0,0,0,0,0,0,150156
1307,0,0,0,0,0,0,0,454116
1308,0,0,0,0,0,0,0,128545
1309,0,0,0,0,0,0,1,24
1310,0,0,0,0,0,0,1,372
1311,0,0,0,0,0,0,1,3174
1312,0,0,0,0,0,0,1,9
1313,0,0,0,0,0,0,0,36516
1314,0,0,0,0,0,0,0,150426
1315,0,0,0,0,0,0,1,763
1316,0,0,0,0,0,0,0,6276
1317,0,0,0,0,0,0,0,6276
1318,0,0,0,0,0,0,0,5556
1319,1,1,1,1,1,0,0,0
1320,0,0,0,0,0,0,0,100236
1321,0,0,0,0,0,0,1,17079
1322,1,0,0,0,0,0,0,0
1323,0,0,0,0,0,0,0,642906
1324,0,0,0,0,0,0,0,73746
1325,0,0,0,0,0,0,0,167706
1326,0,0,0,0,0,0,0,2676
1327,0,0,0,0,0,0,0,3740616
1328,1,0,0,0,0,0,0,0
1329,0,1,0,1,0,0,0,0
1330,1,1,1,1,0,0,0,0
1331,0,0,0,0,0,0,1,5364
1332,0,0,0,0,0,0,0,941436
1333,0,0,0,0,0,0,0,18713539
1334,0,0,0,0,0,0,1,237
1335,0,0,0,0,0,0,1,5
1336,0,0,0,0,0,0,0,5196
1337,0,0,0,0,0,0,1,3682
1338,0,0,0,0,0,0,1,2
1339,0,0,0,0,0,0,1,34
1340,0,1,0,1,0,0,0,0
1341,0,0,0,0,0,0,0,102642
1342,0,0,0,0,0,0,0,29586
1343,0,0,0,0,0,0,1,79
1344,1,1,0,0,0,0,0,0
1345,0,1,0,1,0,0,0,0
1346,0,0,0,0,0,0,1,80
1347,0,0,0,0,0,0,1,95
1348,0,0,0,0,0,0,0,58386
1349,0,0,0,0,0,0,0,8196
1350,0,0,0,0,0,0,1,160
1351,0,0,0,0,0,0,1,80
1352,0,1,0,1,0,0,0,0
1353,1,1,1,1,1,0,0,0
1354,0,0,0,0,0,0,0,649116
1355,0,0,0,0,0,0,1,103
1356,0,0,0,0,0,0,1,151946
1357,0,0,0,0,0,0,1,5
1358,0,0,0,0,0,0,1,81
1359,1,1,1,1,0,0,0,0
1360,0,0,0,0,0,0,1,71
1361,0,0,0,0,0,0,0,65466
1362,0,0,0,0,0,0,1,185
1363,0,0,0,0,0,0,1,161
1364,0,0,0,0,0,0,0,13308
1365,0,0,0,0,0,0,0,2295996
1366,0,0,0,0,0,0,1,12839
1367,0,0,0,0,0,0,0,169626
1368,0,0,0,0,0,0,0,673866
1369,0,0,0,0,0,0,0,13062
1370,1,0,0,0,0,0,0,0
1371,0,0,0,0,0,0,0,12036
1372,0,0,0,0,0,0,1,75
1373,0,0,0,0,0,0,0,114276
1374,0,1,0,1,0,0,0,0
1375,0,0,0,0,0,0,0,15297018
1376,0,0,0,0,0,0,0,2012322
1377,0,0,0,0,0,0,0,10146
1378,0,0,0,0,0,0,0,95352
1379,0,0,0,0,0,0,0,105876
1380,0,0,0,0,0,0,0,5556
1381,0,0,0,0,0,0,1,10
1382,1,0,0,0,0,0,0,0
1383,0,0,0,0,0,0,0,6636
1384,0,0,0,0,0,0,0,208236
1385,0,0,0,0,0,0,0,168576
1386,0,0,0,0,0,0,1,7
1387,0,0,0,0,0,0,1,2
1388,0,0,0,0,0,0,1,219
1389,1,0,1,0,0,0,0,0
1390,0,0,0,0,0,0,1,143258
1391,0,0,0,0,0,0,0,5556
1392,0,0,0,0,0,0,0,10182
1393,0,0,0,0,0,0,1,3809
1394,1,0,1,0,0,0,0,0
1395,0,0,0,0,0,0,0,8023
1396,0,0,0,0,0,0,0,8076
1397,0,1,0,1,0,0,0,0
1398,0,0,0,0,0,0,0,6369618
1399,1,0,1,0,0,1,0,0
1400,0,0,0,0,0,0,0,21396
1401,1,0,1,0,0,0,0,0
1402,0,0,0,0,0,0,1,844
1403,0,0,0,0,0,0,0,36516
1404,0,0,0,0,0,0,0,305586
1405,0,0,0,0,0,0,0,390546
1406,0,0,0,0,0,0,0,37782
1407,0,0,0,0,0,0,0,171702
1408,0,0,0,0,0,0,0,75600
1409,0,0,0,0,0,0,1,6
1410,0,0,0,0,0,0,1,3577
1411,0,0,0,0,0,0,0,111672
1412,0,0,0,0,0,0,0,135996
1413,0,0,0,0,0,0,0,29376
1414,0,0,0,0,0,0,1,144
1415,0,0,0,0,0,0,0,1956
1416,0,0,0,0,0,0,1,286
1417,0,0,0,0,0,0,0,16183
1418,0,0,0,0,0,0,0,20436
1419,0,0,0,0,0,0,1,434
1420,0,0,0,0,0,0,1,559
1421,0,0,0,0,0,0,1,194
1422,0,0,0,0,0,0,1,1103
1423,0,0,0,0,0,0,0,1956
1424,0,0,0,0,0,0,1,175471
1425,0,0,0,0,0,0,0,99156
1426,0,0,0,0,0,0,0,94836
1427,0,1,0,1,0,0,0,0
1428,0,0,0,0,0,0,0,1956
1429,0,0,0,0,0,0,1,89
1430,0,0,0,0,0,0,0,21396
1431,0,0,0,0,0,0,1,761
1432,0,0,0,0,0,0,0,1956
1433,0,0,0,0,0,0,1,90
1434,0,0,0,0,0,0,0,57396
1435,0,0,0,0,0,0,0,136836
1436,0,0,0,0,0,0,1,7
1437,0,0,0,0,0,0,0,39552
1438,0,0,0,0,0,0,0,67356
1439,0,0,0,0,0,0,1,7
1440,1,1,1,1,0,0,0,0
1441,0,0,0,0,0,0,1,11
1442,0,1,0,1,0,0,0,0
1443,0,0,0,0,0,0,1,62
1444,0,0,0,0,0,0,1,73
1445,0,0,0,0,0,0,1,7068
1446,0,0,0,0,0,0,0,36793
1447,0,0,0,0,0,0,0,3396
1448,0,0,0,0,0,0,1,378
1449,0,0,0,0,0,0,0,10596
1450,0,0,0,0,0,0,0,16152
1451,0,0,0,0,0,0,0,125196
1452,0,0,0,0,0,0,1,1161
1453,0,1,1,0,0,0,0,0
1454,0,0,0,0,0,0,0,6072
1455,1,0,0,0,0,0,0,0
1456,1,0,0,0,0,0,0,0
1457,0,0,0,0,0,0,1,401
1458,0,0,0,0,0,0,0,1180116
1459,0,0,0,0,1,1,0,0
1460,0,0,0,0,0,0,1,6050
1461,0,0,0,0,0,0,0,34272
1462,0,1,0,0,0,0,0,0
1463,0,0,0,0,0,0,0,14475936
1464,0,0,0,0,0,0,0,44916
1465,0,0,0,0,0,0,0,3396
1466,0,0,0,0,0,0,0,10386
1467,0,0,0,0,0,0,1,48
1468,0,0,0,0,0,0,1,70
1469,0,0,0,0,0,0,0,177756
1470,0,0,0,0,0,0,0,740676
1471,0,0,0,0,0,0,0,2162826
1472,0,0,0,0,0,0,1,1107
1473,0,0,0,0,0,0,1,27
1474,0,1,1,1,0,0,0,0
1475,0,1,1,1,0,0,0,0
1476,1,0,1,0,0,0,0,0
1477,0,1,0,1,0,0,0,0
1478,0,1,1,1,0,0,0,0
1479,0,0,0,0,0,0,1,27
1480,0,0,0,0,0,0,1,3
1481,0,0,0,0,0,0,0,4830343
1482,0,0,0,0,0,0,0,7146
1483,0,0,0,0,0,0,0,36636
1484,0,0,0,0,0,0,1,501
1485,0,1,0,1,0,0,0,0
1486,0,0,0,0,0,0,1,9594
1487,0,0,0,0,0,0,1,32
1488,1,0,1,0,0,0,0,0
1489,0,0,0,0,0,0,0,40266
1490,0,0,0,0,0,0,1,2214
1491,1,0,1,0,0,0,0,0
1492,0,0,0,0,0,0,0,546636
1493,0,1,0,1,0,0,0,0
1494,1,1,1,1,1,0,0,0
1495,0,0,0,0,0,0,0,548496
1496,0,0,0,0,0,0,1,4
1497,0,0,0,0,0,0,0,112236
1498,0,1,0,0,0,0,0,0
1499,0,0,0,0,0,0,0,13836
1500,0,0,0,0,0,0,1,24831
1501,0,0,0,0,0,0,0,1071840
1502,0,0,0,0,0,0,0,411426
1503,1,1,1,1,0,0,0,0
1504,0,0,0,0,0,0,0,55182
1505,0,0,0,0,0,0,1,2452
1506,0,0,0,0,0,0,0,175116
1507,0,0,0,0,0,0,1,216
1508,0,0,0,0,0,0,1,389
1509,0,0,0,0,0,0,0,96996
1510,0,0,0,0,0,0,0,3253596
1511,0,0,0,0,0,0,1,68
1512,0,0,0,0,0,0,0,245743
1513,0,0,0,0,0,0,1,1493
1514,0,0,0,0,0,0,1,1984
1515,0,0,0,0,0,0,0,469776
1516,1,0,0,0,0,0,0,0
1517,0,1,0,1,0,0,0,0
1518,0,0,0,0,0,0,0,4430706
1519,0,0,0,0,0,0,1,13588
1520,0,0,0,0,0,0,0,515676
1521,0,0,0,0,0,0,1,783
1522,0,0,0,0,0,0,1,135
1523,0,0,0,0,0,0,0,63876
1524,0,0,0,0,0,0,0,3396
1525,0,0,0,0,0,0,0,12756
1526,0,0,0,0,0,0,1,284
1527,0,0,0,0,0,0,0,9822
1528,0,1,0,1,1,0,0,0
1529,0,0,0,0,0,0,1,2163
1530,0,0,0,0,0,0,0,27876
1531,0,0,0,0,0,0,1,7
1532,1,1,1,1,0,0,0,0
1533,0,0,0,0,0,0,0,51636
1534,0,0,0,0,0,0,1,54336
1535,0,0,0,0,0,0,1,20
1536,0,1,0,1,0,0,0,0
1537,0,0,0,0,0,0,0,284472
1538,0,0,0,0,0,0,1,10242
1539,0,0,0,0,0,0,1,3554
1540,0,0,0,0,0,0,0,148626
1541,0,0,0,0,0,0,1,42
1542,1,1,1,1,0,0,0,0
1543,0,0,0,0,0,0,0,38676
1544,1,1,1,1,1,0,0,0
1545,0,0,0,0,0,0,1,66
1546,0,0,0,0,0,0,0,4766112
1547,0,0,0,0,0,0,0,37536
1548,0,0,0,0,0,0,0,12756
1549,0,0,0,0,0,0,0,193992
1550,0,0,0,0,0,0,1,167
1551,0,0,0,0,0,0,0,188652
1552,0,0,0,0,0,0,1,142
1553,0,0,0,0,0,0,1,897690
1554,0,0,0,0,0,0,1,19
1555,0,0,0,0,0,0,0,54576
1556,0,0,0,0,0,0,1,29
1557,0,0,0,0,0,0,0,131796
1558,0,0,0,0,0,0,0,29676
1559,0,0,0,0,0,0,0,36276
1560,0,0,0,0,0,0,1,2998
1561,0,0,0,0,0,0,0,178416
1562,1,0,1,0,0,0,0,0
1563,0,1,1,1,0,0,0,0
1564,0,0,0,0,0,0,0,75661
1565,0,0,0,0,0,0,1,17
1566,0,0,0,0,0,0,0,9432
1567,0,0,0,0,0,0,0,442356
1568,1,1,0,1,0,0,0,0
1569,1,1,1,1,0,0,0,0
1570,0,0,0,0,0,0,1,11
1571,0,0,0,0,0,0,1,37
1572,0,0,0,0,0,0,0,16356
1573,0,0,0,0,0,0,1,266
1574,0,0,0,0,0,0,0,21192
1575,0,0,0,0,0,0,1,1135990
1576,0,0,0,0,0,0,1,544
1577,0,0,0,0,0,1,0,0
1578,0,0,0,0,0,0,1,19970
1579,1,0,1,0,0,0,0,0
1580,0,0,0,0,0,0,0,53196
1581,0,0,0,0,0,0,0,18156
1582,0,0,0,0,0,0,1,413
1583,0,0,0,0,0,0,1,9
1584,0,0,0,0,0,0,1,903
1585,1,0,0,0,0,0,0,0
1586,0,0,0,0,0,0,0,4836
1587,0,0,0,0,0,0,0,7452066
1588,0,0,0,0,0,0,1,90
1589,0,0,0,0,0,0,0,29316
1590,0,0,0,0,0,0,0,4116
1591,0,0,0,0,0,0,0,911466
1592,0,0,0,0,0,0,0,68916
1593,0,0,0,0,0,0,0,3396
1594,0,0,0,0,0,0,0,1956
1595,0,1,0,1,0,0,0,0
1596,0,0,0,0,0,0,1,390
1597,0,0,0,0,0,0,1,1036
1598,0,0,0,0,0,0,0,881629
1599,0,0,0,0,0,0,0,8196
1600,1,1,0,1,0,0,0,0
1601,0,0,0,0,0,0,0,13626
1602,0,0,0,0,0,0,1,5699
1603,0,0,0,0,0,0,1,501154
1604,0,0,0,0,0,0,0,318756
1605,0,0,0,0,0,0,1,23
1606,1,1,1,1,0,0,0,0
1607,0,0,0,0,0,0,0,26556
1608,0,0,0,0,0,0,0,86106
1609,0,0,0,0,0,0,0,12396
1610,0,0,1,0,0,0,0,0
1611,0,0,0,0,0,0,1,128
1612,0,0,0,0,0,0,0,165396
1613,0,0,0,0,0,0,0,35076
1614,0,0,0,0,0,0,0,52663
1615,1,1,1,1,0,0,0,0
1616,0,0,0,0,0,0,0,11796
1617,0,0,0,0,0,0,0,347622
1618,1,0,1,0,0,0,0,0
1619,0,0,0,0,0,0,1,418
1620,0,0,0,0,0,0,0,4116
1621,0,0,0,0,0,0,1,17
1622,0,0,0,0,0,0,0,42636
1623,0,1,0,1,0,0,0,0
1624,0,0,0,0,0,0,0,15036
1625,0,1,0,1,0,0,0,0
1626,1,1,1,1,0,0,0,0
1627,1,0,0,0,0,0,0,0
1628,0,0,0,0,0,0,0,145776
1629,0,0,0,0,0,0,0,576720
1630,0,0,0,0,0,0,0,30673
1631,0,0,0,0,0,0,1,8
1632,0,1,0,1,0,0,0,0
1633,0,0,0,0,0,0,0,29316
1634,0,0,0,0,0,0,1,48
1635,0,0,0,0,0,0,0,3241236
1636,0,0,0,0,0,0,0,65316
1637,0,0,0,0,0,0,1,110
1638,0,0,0,0,0,0,0,5556
1639,0,0,0,0,0,0,0,13476
1640,0,0,0,0,0,0,0,2488201
1641,0,0,0,0,0,0,1,653
1642,0,1,0,1,0,0,0,0
1643,0,0,0,0,0,0,1,78
1644,0,0,0,0,0,0,0,36516
1645,0,0,0,0,0,0,1,197
1646,0,0,0,0,0,0,1,9918
1647,0,0,0,0,0,0,0,541116
1648,0,0,0,0,0,0,0,36666
1649,0,0,0,0,0,0,0,1238346
1650,1,0,1,0,0,0,0,0
1651,0,0,0,0,0,0,1,145
1652,0,0,0,0,0,0,0,12102
1653,0,0,0,0,0,0,0,63666
1654,0,1,0,1,0,0,0,0
1655,0,0,0,0,0,0,0,357636
1656,0,0,0,0,0,0,0,17076
1657,0,0,0,0,0,0,1,1193
1658,0,0,0,0,0,0,0,236136
1659,0,0,0,0,0,0,0,31116
1660,0,0,0,0,0,0,0,186636
1661,0,0,0,0,0,0,1,97
1662,0,0,0,0,0,0,1,15799
1663,0,0,0,0,0,0,0,312996
1664,0,1,0,1,0,0,0,0
1665,1,1,0,1,0,0,0,0
1666,0,0,0,0,0,0,1,997
1667,0,0,0,0,0,0,0,5352
1668,0,0,0,0,0,0,0,5863
1669,0,0,0,0,0,0,0,9156
1670,0,0,0,0,0,0,0,11616
1671,0,1,0,1,0,0,0,0
1672,0,0,0,0,0,0,0,17616
1673,1,0,1,0,0,0,0,0
1674,0,0,0,0,0,0,1,34
1675,0,0,0,0,0,0,1,29
1676,0,0,0,0,0,0,0,48396
1677,0,0,0,0,0,0,1,43
1678,0,0,0,0,0,0,0,20226
1679,0,1,0,1,0,0,0,0
1680,0,0,0,0,0,0,1,6737454
1681,0,0,0,0,0,0,0,342516
1682,0,0,0,0,0,0,1,101
1683,0,1,0,1,0,0,0,0
1684,0,1,0,1,0,0,0,0
1685,0,1,1,1,1,0,0,0
1686,0,0,0,0,0,0,0,93876
1687,0,0,0,0,0,0,0,807582
1688,0,0,0,0,0,0,0,6996
1689,0,0,0,0,0,0,0,87036
1690,0,0,0,0,0,0,0,7272
1691,0,0,0,0,0,0,1,11
1692,0,0,0,0,0,0,0,1956
1693,0,0,0,0,0,0,1,929
1694,0,1,0,1,0,0,0,0
1695,0,0,0,0,0,0,0,2676
1696,0,0,0,0,0,0,0,277296
1697,0,1,0,1,0,0,0,0
1698,0,0,0,0,0,0,1,14351
1699,0,0,0,0,0,0,1,110
1700,0,0,0,0,0,0,1,201
1701,0,0,0,0,0,0,0,25716
1702,0,0,0,0,0,0,0,26436
1703,0,0,0,0,0,0,0,1956
1704,0,1,0,0,0,0,0,0
1705,0,0,0,0,0,0,1,209
1706,0,0,0,0,0,0,0,2333226
1707,0,0,0,0,0,0,0,15942
1708,1,1,0,1,0,0,0,0
1709,0,0,0,0,0,0,0,1014516
1710,0,0,0,0,0,0,1,3924
1711,0,0,0,0,0,0,0,21876
1712,0,0,0,0,0,0,0,852996
1713,0,0,0,0,0,0,0,1956
1714,0,0,0,0,0,0,0,62556
1715,0,0,0,0,0,0,0,436626
1716,1,1,1,1,0,0,0,0
1717,0,0,0,0,0,0,1,13860
1718,0,1,0,1,0,0,0,0
1719,0,0,0,0,0,0,1,809
1720,0,0,0,0,0,0,0,3396
1721,0,0,1,0,0,0,0,0
1722,0,0,0,0,0,0,1,15039
1723,0,0,0,0,0,0,0,20916
1724,0,0,0,0,0,0,1,15
1725,1,0,1,0,0,0,0,0
1726,0,0,1,0,0,0,0,0
1727,0,0,0,0,0,0,1,1763
1728,0,0,0,0,0,0,1,7
1729,0,0,0,0,0,0,0,3756
1730,0,0,0,0,0,0,0,7116
1731,1,0,1,0,0,0,0,0
1732,0,0,0,0,0,0,1,373
1733,0,0,0,0,0,0,0,56796
1734,0,0,0,0,0,0,0,14316
1735,0,0,0,0,0,0,1,1630
1736,0,0,0,0,0,0,1,37
1737,0,0,0,0,0,0,0,27156
1738,1,0,1,0,1,0,0,0
1739,0,0,0,0,0,0,1,9
1740,0,0,0,0,0,0,0,6996
1741,0,0,0,0,0,0,0,4116
1742,0,0,0,0,0,0,1,1315
1743,0,0,0,0,0,0,0,5916
1744,1,1,1,0,0,0,0,0
1745,0,0,0,0,0,0,0,2259426
1746,0,0,0,0,0,0,0,504336
1747,0,0,0,0,0,0,1,7
1748,0,0,0,0,0,0,0,12396
1749,0,0,1,1,0,0,0,0
1750,0,0,0,0,0,0,0,113556
1751,0,1,0,1,0,0,0,0
1752,0,0,0,0,0,0,0,1390272
1753,0,0,0,0,0,0,0,148956
1754,0,0,0,0,0,0,1,3
1755,1,1,0,1,0,0,0,0
1756,0,0,0,0,0,0,0,24276
1757,1,1,1,1,0,0,0,0
1758,1,0,1,0,0,0,0,0
1759,0,0,0,0,0,0,1,3225
1760,0,0,0,0,0,0,1,50
1761,0,0,0,0,0,0,1,3
1762,0,0,0,0,0,0,1,320
1763,0,0,0,0,0,0,0,11629
1764,0,0,0,0,0,0,1,2206
1765,0,0,0,0,0,0,1,13
1766,1,1,1,1,0,1,0,0
1767,0,0,0,0,0,0,1,337
1768,0,1,0,1,0,0,0,0
1769,0,0,0,0,0,0,1,90
1770,1,0,1,0,0,1,0,0
1771,0,0,0,0,0,0,0,368976
1772,0,0,0,0,0,0,0,9516
1773,0,0,0,0,0,0,0,5916
1774,0,0,0,0,0,0,1,594
1775,0,0,0,0,0,0,0,2676
1776,0,1,0,1,0,0,0,0
1777,0,0,0,0,0,0,1,244
1778,0,0,0,0,0,0,1,419829
1779,0,0,0,0,0,0,1,708
1780,0,0,0,0,0,0,0,165312
1781,0,0,0,0,0,0,0,209136
1782,0,0,0,0,0,0,1,4
1783,0,0,0,0,0,0,1,343
1784,0,0,0,0,0,0,1,894
1785,0,0,0,0,0,0,0,4836
1786,0,0,0,0,0,0,1,378
1787,0,0,0,0,0,0,1,70
1788,1,0,1,0,0,0,0,0
1789,1,0,1,0,0,0,0,0
1790,0,0,0,0,0,0,0,5832
1791,0,0,0,0,0,0,0,31116
1792,0,0,0,0,0,0,0,624192
1793,0,0,0,0,0,0,0,2676
1794,0,0,0,0,0,0,0,1377793
1795,0,0,0,0,0,0,0,19356
1796,0,0,0,0,0,0,0,51996
1797,0,0,0,0,0,0,1,1330
1798,1,1,1,1,1,0,0,0
1799,0,0,0,0,0,0,0,1956
1800,0,0,0,0,0,0,1,3643
1801,0,0,0,0,0,0,1,13
1802,1,0,0,0,0,0,0,0
1803,0,0,0,0,0,0,0,3396
1804,0,0,0,0,0,0,0,19542
1805,0,0,0,0,0,0,0,785196
1806,0,0,0,0,0,0,0,8436
1807,0,0,0,0,0,0,1,254
1808,0,0,0,0,0,0,0,1956
1809,0,0,0,0,0,0,0,6036
1810,0,0,0,0,0,0,0,4836
1811,0,0,0,0,0,0,1,38
1812,0,0,0,0,0,0,0,72276
1813,0,1,0,1,0,0,0,0
1814,0,0,0,0,0,0,1,7799
1815,0,0,1,0,0,0,0,0
1816,0,0,0,0,0,0,0,16506
1817,0,0,0,0,0,0,1,21
1818,0,0,0,0,0,0,0,1956
1819,0,0,0,0,0,0,1,158
1820,0,0,0,0,0,0,0,278076
1821,0,0,0,0,0,0,0,151356
1822,0,0,0,0,0,0,1,2
1823,0,0,0,0,0,0,0,10183
1824,0,0,0,0,0,0,1,530
1825,0,0,0,0,0,0,0,1348302
1826,0,1,0,1,0,0,0,0
1827,0,0,0,0,0,0,0,64596
1828,1,1,1,0,0,0,0,0
1829,0,0,0,0,0,0,1,57
1830,0,0,0,0,0,0,0,62436
1831,0,0,0,0,0,0,0,920316
1832,0,0,0,0,0,0,0,3396
1833,0,0,0,0,0,0,0,105636
1834,0,0,0,0,0,0,0,94266
1835,0,0,0,0,0,0,0,5706
1836,0,0,0,0,0,0,0,19386
1837,0,0,0,0,0,0,0,121236
1838,0,0,0,0,0,0,0,7596
1839,1,1,1,1,0,0,0,0
1840,0,0,0,0,0,0,1,694
1841,0,0,0,0,0,0,1,1691
1842,0,0,0,0,0,0,0,209316
1843,0,0,0,0,0,0,0,3169123
1844,1,1,1,1,0,0,0,0
1845,0,0,0,0,0,0,1,736
1846,0,0,0,0,0,0,0,828936
1847,0,1,0,1,0,1,0,0
1848,1,0,1,0,0,0,0,0
1849,0,0,0,0,0,0,1,426
1850,0,0,0,0,0,0,1,4696
1851,1,1,1,1,0,0,0,0
1852,0,0,0,0,0,0,0,199872
1853,1,0,0,0,0,0,0,0
1854,0,0,0,0,0,0,0,91956
1855,0,1,0,1,0,0,0,0
1856,0,0,0,0,0,0,0,20802
1857,0,0,0,0,0,0,1,61333
1858,0,1,1,1,1,0,0,0
1859,0,0,0,0,0,0,1,17
1860,0,0,0,0,0,0,0,229746
1861,0,0,0,0,1,0,0,0
1862,0,1,0,1,0,0,0,0
1863,0,0,0,0,0,0,0,3228822
1864,0,0,0,0,0,0,0,48906
1865,0,0,0,0,0,0,1,44
1866,0,0,0,0,0,0,1,3
1867,0,0,0,0,0,0,0,29316
1868,0,0,0,0,0,0,0,20472
1869,0,0,0,0,0,0,0,5196
1870,1,1,1,1,0,0,0,0
1871,0,0,0,0,0,0,1,1090296
1872,0,0,0,0,0,0,0,131556
1873,0,0,0,0,0,0,1,21
1874,0,0,0,0,0,0,0,57036
1875,0,0,0,0,0,0,0,116952
1876,0,0,0,0,0,0,0,116376
1877,0,0,1,0,0,0,0,0
1878,1,0,1,0,0,0,0,0
1879,1,1,1,1,0,0,0,0
1880,0,0,0,0,0,0,0,921036
1881,0,0,0,0,0,0,0,45876
1882,0,0,0,0,0,0,0,283116
1883,0,0,0,0,0,0,0,34776
1884,0,0,0,0,0,0,1,8
1885,1,0,1,0,0,0,0,0
1886,0,0,1,0,0,0,0,0
1887,0,0,0,0,0,0,1,2028
1888,0,0,0,0,0,0,1,1
1889,0,0,0,0,0,0,0,12276
1890,0,0,0,0,0,0,0,1982178
1891,1,0,0,0,0,0,0,0
1892,0,0,0,0,0,0,1,39
1893,0,0,0,0,0,0,1,11
1894,0,0,0,0,1,0,0,0
1895,0,0,0,0,0,0,1,272555
1896,1,0,0,0,0,0,0,0
1897,0,1,0,1,0,0,0,0
1898,0,0,0,0,0,0,1,7
1899,0,0,0,0,0,0,1,247
1900,0,0,0,0,0,0,0,176976
1901,0,0,0,0,0,0,0,39036
1902,0,0,1,0,0,0,0,0
1903,0,0,0,0,0,0,0,28153
1904,0,0,0,0,0,0,0,60066
1905,0,0,0,0,0,0,0,3396
1906,0,0,0,0,0,0,1,736
1907,0,1,1,1,0,0,0,0
1908,0,0,0,0,0,0,1,90563
1909,1,0,1,0,0,0,0,0
1910,0,0,0,0,0,0,0,140322
1911,0,0,0,0,0,0,0,907026
1912,0,1,0,1,0,0,0,0
1913,0,0,0,0,0,0,1,25638
1914,0,0,0,0,0,0,0,38946
1915,0,0,0,0,0,0,1,86989
1916,0,0,0,0,0,0,0,36876
1917,0,0,0,0,0,0,0,7716
1918,0,0,0,0,0,0,1,183
1919,0,0,0,0,0,0,0,15066
1920,0,0,0,0,0,0,1,3
1921,0,0,0,0,0,0,1,7
1922,1,1,1,1,0,0,0,0
1923,0,0,0,0,0,0,0,6396
1924,0,0,0,0,0,0,1,46
1925,0,0,0,0,0,0,0,22182
1926,1,1,0,1,0,0,0,0
1927,1,1,1,1,0,0,0,0
1928,0,0,0,0,0,0,1,14450
1929,0,0,0,0,0,0,0,33636
1930,0,0,0,0,0,0,0,1287156
1931,1,1,1,1,0,0,0,0
1932,0,0,0,0,0,0,1,276
1933,0,0,0,0,0,0,0,252222
1934,1,1,1,1,0,0,0,0
1935,1,1,1,1,1,1,0,0
1936,0,0,0,0,0,0,0,22436796
1937,0,0,0,0,0,0,0,2676
1938,0,1,1,1,0,0,0,0
1939,0,0,0,0,0,0,0,46422
1940,1,0,1,0,0,0,0,0
1941,0,0,0,0,0,0,1,145
1942,0,0,0,0,0,0,0,45156
1943,0,0,0,0,0,0,1,37
1944,0,0,0,0,0,0,0,40722
1945,0,0,0,0,0,0,0,10393
1946,0,0,0,0,0,0,0,982386
1947,0,1,0,1,1,0,0,0
1948,0,0,1,0,0,0,0,0
1949,0,0,0,0,0,0,0,93036
1950,0,0,0,0,0,0,0,155016
1951,1,1,1,1,0,0,0,0
1952,0,1,0,1,1,0,0,0
1953,0,0,0,0,0,0,0,665376
1954,0,0,0,0,0,0,0,483546
1955,0,0,0,0,0,0,0,795276
1956,1,1,1,1,0,1,0,0
1957,0,0,0,0,0,0,0,143863
1958,0,0,0,0,0,0,0,372816
1959,0,0,0,0,0,0,0,70596
1960,0,0,0,0,0,0,0,12036
1961,0,0,0,0,0,0,0,383352
1962,0,0,0,0,0,0,0,6043596
1963,0,1,0,1,0,0,0,0
1964,0,0,0,0,0,0,0,305676
1965,0,0,1,0,0,0,0,0
1966,0,0,0,0,0,0,1,4730
1967,0,0,0,0,0,0,0,1956
1968,0,0,0,0,0,0,1,437
1969,0,0,0,0,0,0,1,114
1970,0,0,0,0,0,0,1,1174
1971,0,0,0,0,0,0,0,41659
1972,0,1,0,1,0,0,0,0
1973,0,0,0,0,0,0,0,18138912
1974,0,0,0,0,0,0,1,1608
1975,0,0,0,0,0,0,0,27996
1976,0,0,0,0,0,0,0,184656
1977,0,0,0,0,0,0,1,51
1978,0,1,0,1,0,0,0,0
1979,0,0,0,0,0,0,0,15222
1980,0,0,0,0,0,0,0,10596
1981,0,0,0,0,0,0,1,8476
1982,0,0,0,0,0,0,1,4849
1983,1,1,1,1,0,0,0,0
1984,0,0,0,0,0,0,1,58
1985,0,0,0,0,0,0,0,1262629
1986,0,0,0,0,0,0,0,762162
1987,0,0,0,0,0,0,0,5556
1988,0,0,0,0,0,0,1,7
1989,1,1,0,1,0,0,0,0
1990,0,0,0,0,0,0,1,7
1991,0,0,0,0,0,0,1,878
1992,0,0,0,0,0,0,1,53
1993,0,1,0,0,0,0,0,0
1994,0,0,0,0,0,0,0,2057262
1995,0,0,0,0,0,0,0,62556
1996,1,1,0,1,0,0,0,0
1997,0,0,0,0,0,0,0,4116
1998,1,1,1,1,0,0,0,0
1999,0,0,0,0,0,0,0,12906
2000,0,0,0,0,0,0,0,1645236
2001,1,1,1,1,0,0,0,0
2002,1,0,1,0,0,0,0,0
2003,0,0,0,0,0,0,0,13074949
2004,1,1,1,1,0,0,0,0
2005,0,1,0,1,0,0,0,0
2006,0,0,0,0,0,0,1,87758
2007,0,1,0,1,0,0,0,0
2008,0,0,0,0,0,0,0,65436
2009,0,0,0,0,0,0,1,132
2010,0,1,0,1,0,0,0,0
2011,0,0,0,0,0,0,0,6432
2012,0,0,0,0,0,0,0,4626
2013,0,0,0,0,0,0,0,7506
2014,0,0,0,0,0,0,0,168462
2015,0,0,0,0,0,0,0,33912
2016,0,0,0,0,0,0,0,149466
2017,0,0,0,0,0,0,1,14
2018,0,0,0,0,0,0,0,4116
2019,1,0,1,0,0,0,0,0
2020,0,0,0,0,0,0,1,119
2021,0,0,0,0,0,0,0,86832
2022,0,0,0,0,0,0,0,176196
2023,0,0,1,0,0,0,0,0
2024,0,0,0,0,0,0,1,7872
2025,0,0,0,0,0,0,0,4116
2026,0,0,0,0,0,0,0,260436
2027,0,0,0,0,0,0,1,1138
2028,0,0,0,0,0,0,0,5676
2029,0,0,0,0,0,0,0,62076
2030,0,0,0,0,0,0,1,5004
2031,0,0,0,0,0,0,1,222
2032,0,0,0,0,0,0,0,482916
2033,0,0,0,0,0,0,0,134268
2034,0,0,0,0,0,0,0,1956
2035,0,0,0,0,0,0,1,9
2036,0,0,0,0,0,0,0,166992
2037,0,0,0,0,0,0,1,414
2038,0,0,0,0,0,0,0,22116
2039,0,0,0,0,0,0,0,310266
2040,0,0,0,0,0,0,0,43116
2041,1,0,1,0,0,0,0,0
2042,0,0,0,0,0,0,1,23
2043,0,0,0,0,0,0,0,8676
2044,0,0,0,0,0,0,1,585199
2045,0,1,0,1,0,0,0,0
2046,0,0,0,0,0,0,1,44
2047,1,0,1,0,0,0,0,0
2048,0,1,1,1,0,0,0,0
2049,0,0,0,0,0,0,1,10416
2050,1,0,0,0,0,0,0,0
2051,1,0,1,0,0,0,0,0
2052,1,0,0,0,0,1,0,0
2053,0,0,0,0,0,0,1,19
2054,0,0,0,0,0,0,0,1956
2055,0,0,0,0,0,0,1,357
2056,0,0,0,0,0,0,0,5916
2057,0,1,0,1,0,0,0,0
2058,0,0,0,0,0,0,0,63996
2059,1,0,1,0,0,0,0,0
2060,0,0,0,0,0,0,1,505
2061,0,0,0,0,0,0,0,2616192
2062,0,1,0,0,0,0,0,0
2063,0,0,0,0,0,0,0,4836
2064,0,0,0,0,0,0,1,146917
2065,0,0,0,0,0,0,1,164
2066,0,0,0,0,0,0,0,810228
2067,0,0,0,0,0,0,0,35706
2068,1,0,1,0,0,0,0,0
2069,0,0,0,0,0,0,1,52
2070,1,1,1,1,0,0,0,0
2071,0,0,0,0,0,0,0,51636
2072,0,0,0,0,0,0,0,274596
2073,0,0,0,0,0,0,0,422436
2074,0,0,0,0,0,0,0,33186
2075,0,0,0,0,0,0,1,28
2076,0,0,0,0,0,0,1,1533
2077,0,0,0,0,0,0,0,13956
2078,1,1,1,1,0,0,0,0
2079,0,0,0,0,0,0,0,130956
2080,0,0,0,0,0,0,0,929142
2081,0,0,0,0,0,0,0,834276
2082,0,0,0,0,0,0,0,9876
2083,0,1,0,1,0,0,0,0
2084,0,0,0,0,0,0,1,78
2085,0,0,0,0,0,0,0,18936
2086,0,0,0,0,0,0,0,23856
2087,0,0,0,0,0,0,1,2
2088,0,0,0,0,0,0,0,21036
2089,1,0,1,0,0,1,0,0
2090,0,0,0,0,0,0,0,221586
2091,0,0,0,0,0,0,1,81
2092,0,0,0,0,0,0,0,12036
2093,0,0,0,0,0,0,1,67
2094,0,0,0,0,0,0,0,2676
2095,1,1,0,0,0,0,0,0
2096,0,0,0,0,0,0,0,290196
2097,1,0,0,0,0,0,0,0
2098,0,0,0,0,0,0,1,461578
2099,0,0,0,0,0,0,1,1020
2100,0,1,0,1,0,0,0,0
2101,1,1,0,1,0,0,0,0
2102,0,0,0,0,0,0,0,6066
2103,0,0,0,0,0,0,0,13986
2104,0,0,0,0,0,0,0,1087843
2105,0,0,0,0,0,0,0,925302
2106,0,0,0,0,0,0,0,2244876
2107,0,0,0,0,0,0,1,3368
2108,0,0,0,0,0,0,0,28026
2109,1,1,1,1,0,0,0,0
2110,0,0,0,0,0,0,1,139
2111,0,0,0,0,0,0,0,85716
2112,0,0,0,0,0,0,0,85992
2113,1,1,1,1,0,0,0,0
2114,0,0,0,0,0,0,1,281
2115,1,0,0,0,0,0,0,0
2116,0,0,0,0,0,0,0,10153
2117,0,0,0,0,0,0,0,7716
2118,0,0,0,0,0,0,1,5
2119,0,0,0,0,0,0,0,1956
2120,0,0,0,0,0,0,0,2676
2121,0,0,0,0,0,0,1,88
2122,0,0,0,0,0,0,0,750276
2123,1,0,1,0,0,1,0,0
2124,0,1,0,1,0,0,0,0
2125,1,1,1,1,0,0,0,0
2126,0,0,0,0,0,0,0,50826
2127,0,0,0,0,0,0,1,1345
2128,0,0,0,0,0,0,1,885
2129,0,0,0,0,0,0,0,9472303
2130,0,0,1,0,0,0,0,0
2131,0,0,0,0,0,0,0,270636
2132,0,1,0,1,0,0,0,0
2133,0,0,0,0,0,0,0,24786
2134,0,0,0,0,0,0,1,55
2135,0,0,0,0,0,0,0,43302
2136,0,0,0,0,0,0,0,165876
2137,0,0,0,0,0,0,0,1611756
2138,0,0,0,0,0,0,1,303
2139,0,0,0,0,0,0,1,50
2140,0,1,0,0,0,0,0,0
2141,0,0,0,0,0,0,1,2950
2142,0,0,0,0,0,0,0,1229616
2143,0,0,0,0,0,0,0,27259
2144,0,0,0,0,0,0,0,59346
2145,0,1,1,1,0,0,0,0
2146,0,0,0,0,0,0,0,4626
2147,0,0,0,0,0,0,0,23196
2148,1,1,0,1,0,0,0,0
2149,0,0,0,0,0,0,0,216643
2150,0,0,0,0,0,0,0,77556
2151,1,0,1,0,0,0,0,0
2152,0,0,0,0,0,0,1,5
2153,0,0,0,0,0,0,1,469748
2154,0,0,0,0,1,0,0,0
2155,0,1,0,1,0,0,0,0
2156,0,0,0,0,0,0,1,24
2157,0,0,0,0,0,0,1,4172
2158,0,0,0,0,0,0,1,7407
2159,0,1,0,1,0,0,0,0
2160,0,0,0,0,0,0,0,8196
2161,1,1,1,1,0,0,0,0
2162,1,0,1,0,0,0,0,0
2163,1,1,1,1,0,0,0,0
2164,0,0,0,0,0,0,1,36
2165,0,0,0,0,0,0,1,31
2166,0,0,0,0,0,0,0,127362
2167,0,0,0,0,0,0,0,2882089
2168,0,0,0,0,0,0,0,20676
2169,0,0,0,0,0,0,1,820
2170,0,0,0,0,0,0,0,1044516
2171,0,0,1,0,0,0,0,0
2172,0,0,1,0,0,0,0,0
2173,0,0,0,0,0,0,0,19596
2174,0,0,0,0,0,0,0,18305682
2175,0,0,0,0,0,0,0,1956
2176,1,1,1,1,0,1,0,0
2177,1,1,1,1,0,0,0,0
2178,0,0,0,0,0,0,0,68196
2179,0,0,0,0,0,0,0,35436
2180,0,0,0,0,0,0,0,33426
2181,0,0,0,0,0,0,1,56
2182,1,1,1,1,0,0,0,0
2183,0,0,0,0,0,0,1,1263
2184,0,0,0,0,0,0,1,1
2185,0,0,0,0,0,0,0,3025026
2186,0,0,0,0,0,0,0,334416
2187,0,0,0,0,0,0,0,84306
2188,0,0,0,0,0,0,0,57396
2189,0,0,0,0,0,0,0,96996
2190,0,0,0,0,0,0,1,1408
2191,0,0,0,0,0,0,1,2433
2192,0,0,0,0,0,0,0,227442
2193,1,1,1,1,0,0,0,0
2194,0,0,0,0,0,0,1,23887
2195,0,0,0,0,0,0,0,19956
2196,0,0,0,0,0,0,1,265
2197,0,0,0,0,0,0,0,19506
2198,1,0,1,0,0,0,0,0
2199,0,0,0,0,0,0,1,1817
2200,0,0,0,0,0,0,1,58
2201,0,0,0,0,0,0,1,10136
2202,0,0,0,0,0,0,1,12722
2203,0,1,1,1,0,0,0,0
2204,0,0,0,0,0,0,1,68
2205,0,0,0,0,0,0,1,540
2206,0,0,0,0,0,0,0,16836
2207,0,0,0,0,0,0,1,10
2208,0,0,0,0,0,0,0,18156
2209,0,1,1,0,0,0,0,0
2210,0,0,0,0,0,0,1,51
2211,0,0,0,0,0,0,1,586
2212,0,0,0,0,0,0,1,1
2213,0,0,0,0,0,0,1,45
2214,0,0,0,0,0,0,0,324276
2215,0,0,0,0,0,0,1,2463
2216,0,0,0,0,0,0,1,1820
2217,0,0,0,0,0,0,0,60276
2218,1,0,1,0,0,0,0,0
2219,0,0,0,0,0,0,0,678859
2220,1,1,1,1,0,0,0,0
2221,0,1,0,1,0,0,0,0
2222,0,0,0,0,0,0,1,74
2223,0,0,0,0,0,0,1,125
2224,0,0,0,0,0,0,0,568032
2225,0,0,0,0,0,0,1,410
2226,0,0,0,0,0,0,0,99066
2227,0,0,0,0,0,0,0,141396
2228,0,0,0,0,0,0,0,615036
2229,0,0,0,0,0,0,1,142
2230,0,0,1,0,0,0,0,0
2231,0,0,0,0,0,0,0,267516
2232,1,1,1,1,0,0,0,0
2233,0,0,0,0,0,0,1,3
2234,0,0,0,0,0,0,1,25
2235,0,0,0,0,0,1,0,0
2236,0,0,0,0,0,0,1,4729
2237,0,0,0,0,0,0,1,19
2238,0,0,0,0,0,0,1,19
2239,0,1,0,0,0,0,0,0
2240,0,0,0,0,0,0,0,1956
2241,0,0,0,0,0,0,0,4836
2242,0,0,0,0,0,0,0,7116
2243,0,0,0,0,0,0,0,204342
2244,0,0,0,0,0,0,1,43
2245,0,0,0,0,0,0,1,80
2246,0,0,0,0,0,0,0,8946
2247,1,1,0,1,0,0,0,0
2248,1,1,1,1,0,0,0,0
2249,0,0,0,0,0,0,0,88356
2250,0,0,0,0,0,0,1,19237
2251,0,0,0,0,0,0,0,466176
2252,0,0,0,0,0,0,1,164
2253,0,0,0,0,0,0,0,1742916
2254,0,0,0,0,0,0,0,7716
2255,0,0,0,0,0,0,0,63432
2256,0,0,0,0,0,0,1,632
2257,0,0,0,0,0,0,0,123156
2258,0,0,0,0,0,0,0,264186
2259,0,0,0,0,0,0,1,40195
2260,0,0,0,0,0,0,1,3398
2261,0,0,0,0,0,0,0,59136
2262,0,0,0,0,0,0,1,453
2263,0,0,0,0,0,0,0,208836
2264,0,0,0,0,0,0,1,6
2265,0,0,0,0,0,0,0,288642
2266,0,0,0,0,0,0,0,2355276
2267,1,0,1,0,0,0,0,0
2268,0,0,0,0,0,0,0,138036
2269,0,0,1,0,0,0,0,0
2270,0,0,0,0,0,0,1,175
2271,0,0,0,0,0,0,1,156
2272,0,1,0,1,0,0,0,0
2273,1,1,0,1,0,0,0,0
2274,0,1,0,1,0,0,0,0
2275,0,0,1,0,0,0,0,0
2276,0,0,0,0,0,0,1,3052
2277,0,0,0,0,0,0,1,1694
2278,0,0,0,0,0,0,0,14316
2279,0,0,0,0,0,0,0,23856
2280,0,0,0,0,0,0,0,461676
2281,0,0,0,0,0,0,1,69
2282,0,0,0,0,0,0,0,1363116
2283,1,1,0,1,0,0,0,0
2284,0,0,0,0,0,0,0,45996
2285,0,1,0,1,0,0,0,0
2286,0,0,0,0,0,0,0,13476
2287,0,0,0,0,0,0,0,26436
2288,0,0,0,0,0,0,0,202896
2289,0,0,0,0,0,0,0,1242666
2290,0,0,1,0,0,0,0,0
2291,0,0,0,0,0,0,1,1376254
2292,0,0,0,0,0,0,0,28002
2293,0,0,0,0,0,0,1,1066
2294,0,0,0,0,0,0,0,232356
2295,0,0,1,0,0,0,0,0
2296,0,0,0,0,0,0,1,15302
2297,0,0,0,0,0,0,0,118596
2298,0,0,0,0,0,0,1,318
2299,0,0,0,0,0,0,1,371
2300,0,0,0,0,0,0,0,6072
2301,0,0,0,0,0,0,1,31
2302,0,1,0,1,0,0,0,0
2303,0,0,0,0,0,0,0,52302
2304,0,0,0,0,0,0,1,4
2305,0,1,0,1,0,0,0,0
2306,0,0,0,0,0,0,1,3
2307,0,0,0,0,0,0,1,20
2308,0,0,0,0,0,0,1,95
2309,0,0,0,0,0,0,1,9582
2310,0,0,0,0,0,0,0,213786
2311,0,0,0,0,0,0,1,1296
2312,0,0,0,0,0,0,1,971
2313,0,0,0,0,0,0,0,10033
2314,0,0,0,0,0,0,0,83232
2315,1,1,0,0,0,0,0,0
2316,0,0,0,0,0,0,1,1469
2317,0,0,1,0,0,0,0,0
2318,0,1,0,1,0,0,0,0
2319,0,0,0,0,0,0,0,13602
2320,0,0,0,0,0,0,1,5751
2321,1,1,1,1,1,0,0,0
2322,1,1,1,1,0,0,0,0
2323,0,0,0,0,0,0,0,16716
2324,0,0,0,0,0,0,1,531
2325,0,0,0,0,0,0,0,13566
2326,0,0,0,0,0,0,1,1087
2327,0,0,0,0,0,0,0,9516
2328,0,0,0,0,0,0,0,22836
2329,0,0,0,0,0,0,0,225066
2330,0,0,0,0,0,0,1,497
2331,0,0,0,0,0,0,0,731436
2332,0,0,0,0,0,0,1,419
2333,1,1,1,1,0,0,0,0
2334,0,0,0,0,0,0,1,53
2335,0,1,0,1,0,0,0,0
2336,0,0,0,0,0,0,0,1956
2337,0,0,0,0,0,0,0,16836
2338,0,0,0,0,0,0,0,126516
2339,0,0,0,0,0,0,0,166836
2340,0,0,0,0,0,0,1,1729
2341,0,1,0,1,0,0,0,0
2342,0,0,0,0,0,0,1,1995
2343,0,0,0,0,0,0,1,21
2344,0,0,0,0,0,0,0,16956
2345,0,0,0,0,0,0,0,1350072
2346,0,0,0,0,0,0,1,55
2347,0,0,0,0,0,0,1,26112
2348,0,0,0,0,0,0,1,71
2349,0,0,0,0,0,0,0,2989146
2350,0,0,0,0,0,0,1,15714
2351,0,0,0,0,0,0,1,111
2352,0,0,0,0,0,0,1,1230
2353,0,0,0,0,0,0,0,282186
2354,0,0,0,0,0,0,1,917
2355,0,0,0,0,0,0,0,90312
2356,0,1,0,1,0,0,0,0
2357,0,1,0,1,0,0,0,0
2358,0,1,1,1,0,1,0,0
2359,0,0,0,0,0,0,1,4
2360,0,0,0,0,0,0,0,74676
2361,0,0,0,0,0,0,0,21396
2362,0,0,0,0,0,0,1,12
2363,0,0,0,0,0,0,0,44676
2364,0,0,0,0,0,0,0,28596
2365,0,0,0,0,0,0,0,49746
2366,0,0,0,0,0,0,0,118596
2367,0,0,0,0,0,0,1,1158
2368,0,0,0,0,0,0,0,66546
2369,0,0,0,0,0,0,0,198102
2370,0,0,0,0,0,0,1,7948
2371,0,0,0,0,0,0,0,27109
2372,0,0,0,0,0,0,0,193302
2373,0,0,0,0,0,0,1,196
2374,0,0,0,0,0,0,0,5651713
2375,0,0,0,0,0,0,1,450
2376,0,0,0,0,0,0,1,662
2377,0,0,0,0,0,0,1,177
2378,0,0,0,0,0,0,1,5
2379,0,0,0,0,0,0,0,40266
2380,0,0,0,0,0,0,1,6355
2381,0,0,0,0,0,0,1,585
2382,1,1,1,1,0,0,0,0
2383,0,0,0,0,0,0,1,36
2384,0,0,0,0,0,0,0,71712
2385,0,0,0,0,0,0,1,570
2386,0,0,0,0,0,0,1,188089
2387,0,0,0,0,0,0,1,544296
2388,0,0,0,0,0,0,0,156636
2389,0,0,0,0,0,0,0,48666
2390,0,0,0,0,0,0,1,416
2391,0,0,0,0,0,1,0,0
2392,0,0,0,0,0,0,0,50623
2393,0,0,0,0,0,0,0,299316
2394,1,1,1,1,0,0,0,0
2395,0,0,0,0,0,0,1,129
2396,0,0,0,0,0,0,1,255
2397,0,0,0,0,0,0,1,9
2398,0,0,0,0,0,0,1,159
2399,0,0,0,0,0,0,0,1012801
2400,0,0,0,0,0,0,1,223
2401,1,1,1,1,0,0,0,0
2402,1,1,0,1,0,0,0,0
2403,0,0,0,0,0,0,0,4836
2404,0,0,0,0,0,0,1,1513
2405,0,0,0,0,0,0,1,3366
2406,0,0,0,0,0,0,0,14196
2407,0,0,0,0,0,0,0,5958396
2408,0,0,0,0,0,0,1,504
2409,0,0,0,0,0,0,0,252786
2410,0,0,0,0,0,0,0,11586
2411,0,0,0,0,0,0,0,20676
2412,0,0,0,0,0,0,0,4626
2413,1,1,1,1,0,0,0,0
2414,0,0,0,0,0,0,0,137616
2415,0,1,0,1,0,0,0,0
2416,1,0,1,0,0,0,0,0
2417,0,1,0,1,0,0,0,0
2418,0,0,0,0,0,0,1,1465
2419,0,0,0,0,0,0,1,20328
2420,0,0,0,0,0,0,1,7100
2421,0,0,0,0,0,0,1,8
2422,0,0,0,0,0,0,0,73836
2423,0,0,0,0,0,0,1,6931
2424,0,0,0,0,0,0,0,33636
2425,0,0,0,0,0,0,1,7593
2426,0,0,0,0,0,0,0,1327236
2427,0,0,0,0,0,0,0,798822
2428,0,0,0,0,0,0,0,104196
2429,0,0,0,0,0,0,0,5826
2430,0,0,0,0,0,0,0,5196
2431,0,1,0,1,0,0,0,0
2432,0,0,0,0,0,0,0,234702
2433,0,0,0,0,0,0,0,1956
2434,1,1,0,1,1,0,0,0
2435,0,0,0,0,0,0,1,133
2436,0,0,0,0,0,0,1,787
2437,0,0,0,0,0,0,0,1956
2438,0,0,0,0,0,0,1,55
2439,0,0,0,0,0,0,0,19956
2440,0,0,0,0,0,0,0,49476
2441,0,0,0,0,0,0,0,13476
2442,0,0,0,0,0,0,1,1605
2443,0,0,0,0,0,0,0,6276
2444,0,0,0,0,0,0,0,135709
2445,0,0,0,0,0,0,0,3129996
2446,1,0,0,0,0,0,0,0
2447,0,0,0,0,0,0,0,261756
2448,0,0,0,0,0,0,0,36636
2449,0,0,0,0,0,0,0,196356
2450,0,0,0,0,0,0,0,22386
2451,0,0,0,0,0,0,0,164623
2452,0,1,0,1,0,0,0,0
2453,0,0,0,0,0,0,0,87756
2454,0,0,0,0,0,0,1,62
2455,0,0,0,0,0,0,0,4053516
2456,0,0,0,0,0,0,0,36516
2457,0,0,0,0,0,0,1,2675
2458,0,0,0,0,0,0,1,306
2459,0,1,0,1,0,0,0,0
2460,0,0,0,0,0,0,0,67386
2461,0,0,0,0,0,0,0,870702
2462,1,1,1,1,0,0,0,0
2463,0,0,0,0,0,0,1,41997
2464,0,0,0,0,0,0,1,25
2465,0,0,0,0,0,0,1,154
2466,0,0,0,0,0,0,0,47472
2467,0,0,0,0,0,0,0,252396
2468,0,0,0,0,0,0,1,941
2469,0,1,0,1,0,0,0,0
2470,1,0,0,0,0,0,0,0
2471,0,0,0,0,0,0,0,4116
2472,1,0,1,0,0,0,0,0
2473,0,0,0,0,0,0,0,209952
2474,0,0,0,0,0,0,0,220813
2475,0,0,0,0,0,0,0,334356
2476,0,0,0,0,0,0,1,997
2477,0,0,0,0,0,0,1,55
2478,0,0,0,0,0,1,0,0
2479,0,0,0,0,0,0,0,14496
2480,0,0,0,0,0,0,1,25
2481,0,0,0,0,0,0,0,229602
2482,0,0,0,0,0,0,1,118
2483,0,0,0,0,0,0,0,19685196
2484,0,0,0,0,0,0,0,8076
2485,0,0,0,0,0,0,0,625476
2486,0,0,0,0,0,0,1,4691
2487,0,0,0,0,0,0,0,198516
2488,0,0,0,0,0,0,0,85236
2489,0,0,0,0,0,0,0,1956
2490,0,1,0,1,0,1,0,0
2491,0,0,0,0,0,0,1,24
2492,1,1,1,1,0,0,0,0
2493,1,0,1,0,0,0,0,0
2494,0,0,0,0,0,0,1,238
2495,0,0,0,0,0,0,1,12261
2496,0,0,0,0,0,0,0,2022636
2497,0,0,0,0,0,0,1,4
2498,0,1,0,1,0,0,0,0
2499,0,0,0,0,0,0,0,91956
2500,0,1,1,1,0,0,0,0
2501,1,0,0,0,0,0,0,0
2502,0,0,0,0,0,0,1,4583
2503,0,0,0,0,0,0,1,931
2504,0,0,0,0,0,0,0,36636
2505,0,0,0,0,0,0,0,4836
2506,0,0,0,0,0,0,0,1483776
2507,0,0,0,0,0,0,0,2782356
2508,0,0,0,0,0,0,0,867673
2509,0,0,0,0,0,0,0,99756
2510,0,0,0,0,0,0,0,5316
2511,0,0,0,0,0,0,0,288342
2512,0,0,0,0,0,0,0,105036
2513,0,1,1,1,0,0,0,0
2514,0,0,0,0,0,0,1,97
2515,0,0,0,0,0,0,0,214836
2516,0,0,0,0,0,0,0,3396
2517,0,0,0,0,0,0,0,4056186
2518,0,0,0,0,0,0,1,557
2519,0,1,0,1,0,0,0,0
2520,0,0,0,0,0,0,0,2263968
2521,1,1,0,1,0,0,0,0
2522,0,0,0,0,0,0,0,21516
2523,0,0,0,0,0,0,1,545
2524,0,0,0,0,0,0,0,127362
2525,0,0,0,0,0,0,1,3267
2526,1,1,1,1,0,0,0,0
2527,0,0,0,0,0,0,0,562236
2528,0,0,0,0,0,0,0,7716
2529,0,0,0,0,0,0,0,98826
2530,0,0,0,0,0,0,1,195189
2531,0,0,0,0,0,0,0,567072
2532,0,0,1,0,0,0,0,0
2533,0,0,0,0,0,0,1,578922
2534,0,0,1,0,0,0,0,0
2535,0,0,0,0,0,0,0,14196
2536,0,0,0,0,0,0,0,39516
2537,0,0,0,0,0,0,0,113436
2538,0,0,0,0,0,0,0,138756
2539,0,0,0,0,0,0,0,6996
2540,0,0,0,0,0,0,0,5556
2541,1,1,1,1,0,0,0,0
2542,0,0,0,0,0,0,1,472
2543,0,0,0,0,0,0,1,2973
2544,0,1,1,1,0,0,0,0
2545,0,0,0,0,0,0,1,263
2546,0,1,0,0,0,0,0,0
2547,1,1,1,1,0,0,0,0
2548,0,0,0,0,0,0,1,289
2549,0,0,0,0,0,0,1,488814
2550,0,0,0,0,0,0,1,6285
2551,0,0,0,0,0,1,0,0
2552,0,0,0,0,0,0,0,19356
2553,0,0,0,0,0,0,1,21
2554,0,0,0,0,0,0,0,4423266
2555,0,0,0,0,0,0,0,153756
2556,0,0,0,0,0,0,1,14
2557,0,0,0,0,0,0,0,15276
2558,0,0,0,0,0,0,0,29826
2559,0,0,0,0,0,0,0,3876
2560,0,0,0,0,0,0,0,12036
2561,0,0,0,0,0,0,1,78
2562,0,0,0,0,0,0,1,12
2563,1,0,0,0,0,0,0,0
2564,0,0,0,0,0,0,1,32
2565,0,0,0,0,0,0,1,316
2566,0,0,0,0,0,0,0,733986
2567,0,0,0,0,0,0,0,9156
2568,0,0,0,0,0,0,1,6356
2569,0,0,0,0,0,0,0,84756
2570,0,0,0,0,0,0,0,68089
2571,0,0,0,0,0,0,0,1471476
2572,0,1,1,1,0,0,0,0
2573,0,0,1,0,0,0,0,0
2574,0,1,0,1,0,0,0,0
2575,0,0,0,0,0,0,0,7272
2576,0,0,0,0,0,0,0,278562
2577,0,0,0,0,0,0,0,1038342
2578,0,0,0,0,0,0,0,374221
2579,0,0,0,0,0,0,1,101
2580,0,0,0,0,0,0,1,138
2581,1,1,0,1,0,0,0,0
2582,1,0,1,0,0,0,0,0
2583,0,0,0,0,0,0,1,32
2584,0,0,0,0,0,0,0,8436
2585,1,0,1,0,0,0,0,0
2586,0,0,0,0,0,0,0,692076
2587,0,0,0,0,0,0,0,68916
2588,0,1,0,1,0,0,0,0
2589,0,1,0,1,0,0,0,0
2590,0,0,0,0,0,0,0,181026
2591,1,0,0,0,0,0,0,0
2592,0,0,0,1,0,0,0,0
2593,0,0,0,0,0,0,0,6276
2594,0,0,0,0,0,0,0,92466
2595,0,0,0,0,0,0,1,60375
2596,0,0,0,0,0,0,0,42996
2597,0,0,0,0,0,0,0,6996
2598,0,0,0,0,0,0,1,265
2599,0,0,0,0,0,0,1,257
2600,1,1,1,1,0,0,0,0
2601,0,0,0,0,1,0,0,0
2602,1,1,1,1,0,1,0,0
2603,0,0,0,0,0,0,0,114102
2604,0,0,0,0,0,0,1,956
2605,0,0,0,0,0,0,0,26946
2606,1,1,1,1,0,0,0,0
2607,0,0,0,0,0,0,0,8436
2608,1,1,1,1,0,0,0,0
2609,0,0,0,0,0,0,1,941
2610,0,0,0,0,0,0,1,34
2611,0,0,0,0,0,0,1,23
2612,1,0,1,0,0,0,0,0
2613,0,0,0,0,0,0,0,23916
2614,0,0,0,0,0,0,0,24276
2615,0,0,0,0,0,0,0,3668352
2616,0,0,0,0,0,0,0,6786
2617,0,0,0,0,0,0,0,30546
2618,0,0,1,0,0,0,0,0
2619,0,0,0,0,0,0,1,68
2620,0,0,0,0,0,0,1,5095
2621,0,0,0,0,0,0,1,45
2622,0,1,0,1,0,0,0,0
2623,0,0,0,0,0,0,0,1143906
2624,0,0,0,0,0,0,0,1956
2625,0,0,0,0,0,0,0,4836
2626,0,0,0,0,0,0,1,4
2627,0,0,0,0,0,0,0,37236
2628,0,0,0,0,0,0,0,7716
2629,0,0,0,0,0,0,0,391836
2630,0,0,0,0,0,0,0,1956
2631,0,0,0,0,0,0,1,613
2632,0,0,0,0,0,0,1,272
2633,0,0,0,0,0,0,0,129036
2634,0,0,0,0,0,0,0,23826
2635,0,0,0,0,0,0,0,14316
2636,0,0,0,0,0,0,0,515742
2637,1,1,0,1,0,0,0,0
2638,0,0,0,0,0,0,0,4116
2639,0,0,0,0,0,0,0,139956
2640,0,0,0,0,0,0,0,49266
2641,0,0,0,0,0,0,0,16152
2642,0,0,0,0,0,0,0,675636
2643,0,0,0,0,0,0,0,6996
2644,0,0,0,0,0,0,1,30
2645,0,1,0,1,0,0,0,0
2646,0,0,0,0,0,0,0,6892789
2647,0,0,0,0,0,0,1,237
2648,1,0,0,0,0,0,0,0
2649,0,0,0,0,0,0,1,4346
2650,0,0,0,0,0,0,0,27876
2651,0,1,0,1,0,0,0,0
2652,0,0,0,0,0,0,1,2128
2653,1,1,1,1,0,0,0,0
2654,0,0,0,0,0,0,1,450
2655,0,0,0,0,0,0,0,34278
2656,0,0,0,0,0,0,0,77076
2657,0,0,0,0,0,0,0,2153436
2658,0,0,0,0,0,0,0,348756
2659,0,0,0,0,0,0,1,272
2660,0,0,0,0,0,0,0,18516
2661,0,0,0,0,0,0,0,13476
2662,0,1,0,1,0,0,0,0
2663,0,0,0,0,0,0,0,6036
2664,0,0,0,0,0,0,0,1956
2665,0,1,0,1,0,0,0,0
2666,1,1,1,1,1,0,0,0
2667,0,0,0,0,0,0,1,234
2668,0,0,0,0,0,0,0,1956
2669,0,0,0,0,0,0,0,72516
2670,0,0,0,0,0,0,1,66561
2671,0,0,0,0,0,0,0,15036
2672,1,1,1,0,0,0,0,0
2673,0,0,1,0,0,1,0,0
2674,0,0,0,0,0,0,0,1956
2675,1,1,0,1,0,0,0,0
2676,0,0,0,0,0,0,0,16626
2677,0,0,0,0,0,0,1,147
2678,0,0,0,0,0,0,1,3690
2679,1,1,0,1,0,0,0,0
2680,0,0,0,0,0,0,0,360396
2681,0,0,0,0,0,0,1,7
2682,0,1,0,1,0,0,0,0
2683,0,0,0,0,0,0,1,100
2684,0,0,0,0,0,0,1,55
2685,1,1,1,1,0,0,0,0
2686,0,0,0,0,0,0,0,6276
2687,0,0,0,0,0,0,0,33636
2688,0,0,0,0,1,0,0,0
2689,1,0,0,0,0,0,0,0
2690,0,0,0,0,0,0,0,367356
2691,0,0,0,0,0,0,0,1526713
2692,0,0,0,0,0,0,0,1591602
2693,0,0,0,0,0,0,0,9156
2694,0,0,0,0,0,0,0,345756
2695,1,0,1,0,0,0,0,0
2696,0,0,0,0,0,0,1,10
2697,0,0,0,0,0,0,0,32916
2698,0,0,0,0,0,0,0,796722
2699,1,0,1,0,0,0,0,0
2700,0,0,0,0,0,0,0,55236
2701,0,0,0,0,0,0,0,281466
2702,0,0,0,0,0,0,1,78
2703,1,1,1,1,0,0,0,0
2704,0,0,0,0,0,0,1,2205
2705,0,0,0,0,0,0,0,257862
2706,0,0,0,0,0,0,0,13476
2707,0,0,0,1,0,0,0,0
2708,0,1,0,1,0,0,0,0
2709,0,0,0,0,0,0,0,6996
2710,0,0,0,0,0,0,1,2927
2711,0,0,0,0,0,0,1,19
2712,0,0,0,0,0,0,1,108
2713,0,0,0,0,0,0,0,833442
2714,0,0,0,0,0,0,0,22626
2715,1,1,1,1,0,0,0,0
2716,0,0,0,0,0,0,1,279
2717,0,0,0,0,0,0,1,96
2718,0,1,0,1,0,0,0,0
2719,0,0,0,0,0,0,0,4836
2720,0,0,0,0,0,0,0,14196
2721,0,0,0,0,0,0,0,53796
2722,1,1,1,1,0,0,0,0
2723,0,0,0,0,0,0,1,17
2724,0,1,0,1,0,0,0,0
2725,0,0,0,0,0,0,1,104
2726,0,0,0,0,0,0,1,59
2727,0,0,0,0,0,0,1,17
2728,0,0,0,0,0,0,0,38076
2729,0,0,0,0,0,0,0,164916
2730,0,1,0,0,0,0,0,0
2731,0,0,0,0,0,0,0,335076
2732,1,1,1,1,0,0,0,0
2733,0,0,0,0,0,0,0,5706
2734,0,0,0,0,0,0,0,427368
2735,0,0,0,0,0,0,0,79081
2736,0,0,0,0,0,0,0,5556
2737,0,0,0,0,0,0,0,57139
2738,0,0,0,0,0,0,1,34
2739,0,0,0,0,0,0,0,7716
2740,0,0,0,0,0,0,0,353616
2741,0,1,0,1,1,0,0,0
2742,0,0,0,0,0,0,1,60
2743,0,0,0,0,0,0,0,636996
2744,0,0,0,0,0,0,0,228756
2745,0,1,0,1,0,0,0,0
2746,0,0,0,0,0,0,0,37548
2747,1,1,1,1,0,0,0,0
2748,0,0,0,0,0,0,0,5916
2749,0,0,0,0,0,0,1,4
2750,0,0,0,0,0,0,1,46
2751,0,1,0,1,0,0,0,0
2752,0,0,0,0,0,0,0,64236
2753,0,0,0,0,0,0,1,105
2754,0,0,0,0,0,0,0,532176
2755,0,0,0,0,0,0,0,132996
2756,0,1,0,1,0,0,0,0
2757,0,0,0,0,0,0,0,150912
2758,0,0,0,0,0,0,0,5316
2759,0,0,0,0,0,0,0,143899
2760,0,0,0,0,0,0,0,989862
2761,0,1,0,1,0,0,0,0
2762,0,0,0,0,0,0,0,733609
2763,0,0,0,0,0,0,0,181776
2764,0,0,0,0,0,0,0,193116
2765,0,0,0,0,0,0,0,11946
2766,0,0,0,0,0,0,0,393996
2767,1,1,1,1,0,0,0,0
2768,0,1,1,1,0,0,0,0
2769,0,0,0,0,0,0,1,34
2770,0,0,0,0,0,0,1,8418
2771,1,1,1,1,0,0,0,0
2772,0,0,0,0,0,0,0,6786
2773,0,0,0,0,0,0,1,3
2774,0,0,0,0,0,0,1,201
2775,0,0,0,0,0,0,0,257556
2776,0,0,0,0,0,0,1,5
2777,0,0,0,0,0,0,1,607141
2778,0,0,0,0,0,0,0,27876
2779,0,0,0,0,0,0,0,148560
2780,0,0,0,0,0,0,0,1254642
2781,0,0,0,0,0,0,0,225156
2782,0,0,0,0,0,0,1,17
2783,0,0,0,0,0,0,1,967
2784,0,0,0,0,0,0,0,7716
2785,0,0,0,0,0,0,1,1274
2786,0,0,0,0,0,0,0,102876
2787,0,0,0,0,0,0,1,642
2788,0,0,0,0,0,0,1,14
2789,1,0,0,0,0,0,0,0
2790,0,0,0,0,0,0,0,321432
2791,1,0,0,0,0,0,0,0
2792,0,1,0,1,0,0,0,0
2793,0,0,0,0,0,0,1,269
2794,0,0,0,0,0,0,1,160300
2795,0,0,0,0,0,0,0,3876
2796,1,1,1,1,0,0,0,0
2797,0,0,0,0,0,0,1,2169
2798,0,0,0,0,0,0,0,74676
2799,0,0,0,0,0,0,1,269
2800,0,0,0,0,0,0,0,12876
2801,0,0,0,0,0,0,0,212316
2802,0,0,0,0,0,0,1,46
2803,0,0,0,0,0,0,0,74622
2804,1,0,1,0,0,0,0,0
2805,0,0,0,0,0,0,0,51432
2806,0,0,0,0,0,0,1,2674
2807,0,0,0,0,0,0,0,48036
2808,0,0,0,0,0,0,0,53916
2809,0,0,0,0,0,0,0,93396
2810,0,0,0,0,0,0,0,91236
2811,0,0,0,0,0,0,0,387876
2812,0,0,0,0,0,0,0,9666
2813,0,0,0,0,0,0,0,488826
2814,0,0,0,0,0,0,0,7236
2815,1,1,1,1,0,0,0,0
2816,0,0,0,0,0,0,1,4
2817,0,0,0,0,0,0,1,1722
2818,0,0,0,0,0,0,1,6726
2819,0,0,0,0,0,0,1,204
2820,1,1,1,1,0,0,0,0
2821,0,1,0,1,0,0,0,0
2822,0,0,0,0,0,0,1,20
2823,0,0,0,0,0,0,0,5556
2824,1,1,1,1,0,0,0,0
2825,1,1,1,1,0,0,0,0
2826,1,0,1,0,0,0,0,0
2827,0,0,0,0,0,0,1,17
2828,0,0,0,0,0,0,1,112672
2829,0,0,0,0,0,0,1,7
2830,0,0,0,0,0,0,1,1246400
2831,0,0,0,0,0,0,1,23
2832,0,0,0,0,0,0,0,329556
2833,0,0,0,0,0,0,0,20592
2834,0,0,0,0,0,0,1,8
2835,1,0,1,0,0,0,0,0
2836,0,0,0,0,0,0,0,22842
2837,0,0,0,0,0,0,0,159636
2838,0,0,0,0,0,0,0,485233
2839,0,0,0,0,0,0,0,3876
2840,0,0,0,0,0,0,0,7296
2841,0,1,0,1,0,0,0,0
2842,0,0,0,0,0,0,0,146676
2843,0,0,0,0,0,0,0,9996
2844,0,0,0,0,0,0,0,8436
2845,0,1,0,1,0,0,0,0
2846,0,0,0,0,0,0,0,12306
2847,0,0,0,0,0,0,0,18312
2848,0,0,0,0,0,0,0,127356
2849,0,0,0,0,0,0,1,272
2850,0,0,0,0,0,0,0,49116
2851,1,1,0,1,0,0,0,0
2852,1,1,1,1,0,0,0,0
2853,0,0,0,0,0,0,1,169332
2854,0,0,0,0,0,0,0,45516
2855,0,0,0,0,0,0,0,361099
2856,0,0,0,0,0,0,1,565
2857,1,0,1,0,0,0,0,0
2858,0,0,0,0,0,0,1,1771
2859,0,0,0,0,0,0,1,227
2860,0,0,0,0,0,0,0,258553
2861,0,0,0,0,0,0,0,28026
2862,0,1,0,1,0,0,0,0
2863,0,0,0,0,0,0,0,114396
2864,0,0,0,0,0,0,0,10956
2865,0,0,0,0,0,0,0,19392
2866,0,0,0,0,0,0,0,5601042
2867,0,0,0,0,0,0,0,18673
2868,0,0,0,0,0,0,0,13956
2869,0,1,0,0,0,0,0,0
2870,0,0,0,0,0,0,0,6276
2871,0,0,0,0,0,0,0,95106
2872,0,0,0,0,0,0,0,194196
2873,0,0,0,0,0,0,0,4307352
2874,0,0,0,0,0,0,1,531
2875,0,0,0,0,0,0,0,35586
2876,0,0,0,0,0,0,0,346783
2877,0,0,0,0,0,0,1,91
2878,0,0,1,0,0,0,0,0
2879,0,0,0,0,0,0,0,24426
2880,0,0,0,0,0,0,1,1347821
2881,0,0,0,0,0,0,1,2092
2882,0,0,0,0,0,0,1,1813
2883,1,0,1,0,0,0,0,0
2884,0,1,0,1,0,0,0,0
2885,0,1,0,1,0,0,0,0
2886,0,0,0,0,0,0,1,1315
2887,0,0,0,0,0,1,0,0
2888,0,0,0,0,0,0,0,27786
2889,0,0,0,0,0,0,1,347317
2890,0,0,0,0,0,0,0,481836
2891,0,0,0,0,0,0,0,72342
2892,0,1,0,1,0,0,0,0
2893,0,0,0,0,0,0,0,9666
2894,0,0,0,0,0,0,0,349153
2895,0,0,0,0,0,0,1,36
2896,0,0,0,0,0,0,1,13
2897,1,0,0,0,0,0,0,0
2898,0,0,0,0,0,0,0,87276
2899,0,0,0,0,0,0,1,82
2900,0,0,0,0,0,0,1,32
2901,0,0,0,0,0,0,0,18156
2902,0,1,0,1,0,0,0,0
2903,0,0,0,0,0,0,0,8436
2904,0,0,0,0,0,0,0,6756
2905,0,0,0,0,0,0,0,8436
2906,0,0,0,0,0,0,1,230
2907,0,0,0,0,0,0,1,2636
2908,0,0,0,0,0,0,0,4465842
2909,0,0,0,0,0,0,0,592116
2910,0,0,0,0,0,0,1,1241
2911,0,0,0,0,0,0,0,36996
2912,0,0,0,0,0,0,0,1956
2913,0,0,0,0,0,0,0,11316
2914,0,0,1,0,0,0,0,0
2915,0,0,0,0,0,0,1,5
2916,1,1,1,1,0,0,0,0
2917,1,0,1,0,0,0,0,0
2918,0,0,0,0,0,0,1,3517
2919,0,0,0,0,0,0,0,111396
2920,1,0,1,0,0,0,0,0
2921,0,0,0,0,0,0,0,5916
2922,0,0,0,0,0,0,1,96
2923,1,1,1,1,0,0,0,0
2924,0,0,0,0,0,0,0,357276
2925,0,0,0,0,0,0,0,1432476
2926,1,0,0,0,0,0,0,0
2927,0,0,0,0,0,0,0,1956
2928,0,0,0,0,0,0,0,11316
2929,0,0,0,0,0,0,0,96996
2930,0,0,0,0,0,0,0,21192
2931,1,1,0,0,0,0,0,0
2932,0,0,0,0,0,0,0,229273
2933,0,0,0,0,0,0,1,10957
2934,0,0,0,0,0,0,0,252822
2935,0,0,0,0,0,0,0,389142
2936,0,0,0,0,0,0,1,37757
2937,0,0,0,0,0,0,1,283
2938,1,0,1,0,0,0,0,0
2939,0,0,0,0,0,0,0,288276
2940,0,0,0,0,0,0,0,20076
2941,0,0,0,0,0,0,0,324786
2942,0,0,0,0,0,0,0,248058
2943,0,0,0,0,0,0,1,1039
2944,0,0,0,0,0,0,1,306
2945,0,0,0,0,0,0,0,4836
2946,0,0,0,0,0,0,0,72636
2947,0,0,0,0,0,0,0,3396
2948,0,0,0,0,0,0,1,3
2949,1,1,1,1,0,0,0,0
2950,0,0,0,0,0,0,0,66036
2951,0,0,0,1,0,0,0,0
2952,1,0,1,0,0,0,0,0
2953,0,0,0,0,0,0,0,5826
2954,0,0,0,0,0,0,1,530
2955,0,0,0,0,0,0,0,3533160
2956,0,0,0,0,0,0,1,411
2957,0,0,0,0,0,0,0,145356
2958,0,0,0,0,0,0,0,17346
2959,0,0,0,0,0,0,1,14064
2960,0,0,0,0,0,0,0,17586
2961,0,0,0,0,0,0,1,1975167
2962,0,0,0,0,0,0,0,62946
2963,0,0,0,0,0,0,0,2189029
2964,0,0,0,0,0,0,0,102649
2965,0,0,0,0,0,0,1,3
2966,0,0,0,0,0,0,1,28
2967,0,0,0,0,0,0,1,18818
2968,0,0,0,0,0,0,0,76236
2969,0,0,0,0,0,0,0,13056
2970,0,0,0,0,0,0,0,42996
2971,0,0,0,0,0,0,0,31116
2972,0,1,0,1,0,0,0,0
2973,0,0,0,0,0,0,1,27
2974,0,0,0,0,0,0,0,5196
2975,0,0,0,0,0,0,0,147756
2976,0,0,0,0,0,0,1,42576
2977,0,1,0,1,0,1,0,0
2978,0,0,0,0,0,0,1,528
2979,0,0,0,0,0,0,0,140022
2980,0,0,0,0,0,0,0,39600
2981,0,0,0,0,0,0,1,7374
2982,0,0,0,0,0,0,1,29
2983,0,0,0,0,0,0,1,2
2984,0,0,0,0,0,0,0,1956
2985,0,0,0,0,0,0,1,6288
2986,0,0,0,0,0,0,1,407
2987,0,0,0,0,0,0,0,384996
2988,0,0,0,0,0,0,0,1389462
2989,0,0,0,0,0,0,0,9156
2990,0,0,0,0,0,0,0,19236
2991,0,0,0,0,0,0,1,37775
2992,0,0,0,0,0,0,1,30
2993,0,0,0,0,0,0,0,22836
2994,0,0,0,0,0,0,0,40116
2995,0,0,0,0,0,0,1,11
2996,0,0,0,0,0,0,0,1956
2997,0,1,0,1,0,0,0,0
2998,0,0,0,0,1,0,0,0
2999,0,0,0,0,0,0,0,13956
3000,1,1,1,0,0,0,0,0
3001,0,0,0,0,0,0,0,907716
3002,0,0,0,0,0,0,1,69148
3003,0,1,0,1,0,0,0,0
3004,0,0,0,0,0,0,0,29262
3005,1,1,0,1,0,0,0,0
3006,0,0,0,0,0,0,1,15
3007,0,0,0,0,0,0,1,4
3008,0,0,0,0,0,0,0,5196
3009,1,1,1,1,0,0,0,0
3010,0,0,0,0,0,0,1,452
3011,0,0,0,0,0,0,0,13266
3012,0,0,0,0,0,0,0,531469
3013,0,1,0,1,0,1,0,0
3014,1,1,1,1,0,0,0,0
3015,0,1,0,1,0,0,0,0
3016,0,0,0,0,0,0,1,1432
3017,0,0,0,0,0,0,1,145
3018,0,1,0,1,0,0,0,0
3019,1,0,1,0,0,0,0,0
3020,0,0,0,0,0,0,1,2229
3021,1,1,1,1,0,0,0,0
3022,0,0,0,0,0,0,1,2002939
3023,0,0,0,0,0,0,0,23676
3024,0,0,0,0,0,0,0,84156
3025,0,0,0,0,0,0,0,12546
3026,0,0,0,0,0,0,0,63876
3027,0,0,0,0,0,0,0,20058
3028,0,0,0,0,0,0,1,457
3029,0,0,0,0,0,0,1,54
3030,0,0,0,0,0,0,0,680316
3031,0,0,0,0,0,0,0,26226
3032,0,0,0,0,0,0,0,134016
3033,0,0,0,0,0,0,0,66396
3034,0,0,0,0,0,0,1,78
3035,0,0,0,0,0,0,1,1456
3036,0,0,0,0,0,0,0,121296
3037,0,0,0,0,0,0,0,87786
3038,0,1,0,1,0,0,0,0
3039,0,1,0,1,0,0,0,0
3040,0,0,0,0,0,0,0,58116
3041,0,0,0,0,0,0,0,2472559
3042,1,1,1,1,0,0,0,0
3043,0,0,0,0,0,0,1,18
3044,0,0,0,0,0,0,1,748142
3045,0,0,0,0,0,0,1,70
3046,0,1,0,1,0,0,0,0
3047,0,0,0,0,0,0,0,162462
3048,1,0,1,0,0,0,0,0
3049,0,0,0,0,0,0,0,161316
3050,0,0,0,0,0,0,1,648
3051,0,0,0,0,0,0,0,108121
3052,0,0,0,0,0,0,0,275382
3053,1,1,1,1,0,0,0,0
3054,0,0,0,0,0,0,0,472836
3055,0,0,0,0,0,0,1,10901
3056,0,0,0,0,0,0,1,73
3057,0,0,0,0,0,0,0,4116
3058,0,0,0,0,0,0,1,13094
3059,0,0,0,0,0,0,1,263
3060,0,0,1,0,0,0,0,0
3061,0,0,0,0,0,0,0,48822
3062,0,0,0,0,0,0,1,43
3063,0,0,0,0,0,0,1,34
3064,0,0,0,0,0,0,0,99156
3065,0,0,0,0,0,0,0,54949
3066,0,0,0,0,0,0,1,21328
3067,0,0,0,0,0,0,0,42276
3068,0,0,0,0,0,0,0,21396
3069,0,0,0,0,0,0,0,105876
3070,0,0,0,0,0,0,0,48036
3071,0,0,0,0,0,0,1,7241
3072,0,0,0,0,0,0,0,33756
3073,0,0,0,0,0,0,0,37363
3074,0,0,0,0,0,0,0,36672
3075,0,0,0,0,0,0,0,20808
3076,0,0,0,0,0,0,1,42
3077,0,0,0,0,0,0,0,66306
3078,0,0,0,0,0,0,1,2800
3079,0,0,1,0,0,0,0,0
3080,0,1,0,1,0,0,0,0
3081,0,0,0,0,0,0,0,307956
3082,0,1,0,1,0,0,0,0
3083,0,0,0,0,0,0,1,34
3084,0,0,0,0,0,0,1,27
3085,0,0,0,0,0,0,0,27876
3086,1,1,1,1,0,0,0,0
3087,0,1,0,1,0,0,0,0
3088,0,0,0,0,0,0,0,7476
3089,0,0,0,0,0,0,0,36673
3090,0,0,0,0,0,0,1,900
3091,0,0,0,0,0,0,0,4836
3092,0,0,0,0,0,0,0,17076
3093,0,0,0,0,0,0,0,2673966
3094,0,0,0,0,0,0,0,51786
3095,0,0,0,0,0,0,0,197436
3096,0,0,0,0,0,0,0,1956
3097,0,1,0,1,1,0,0,0
3098,0,0,0,0,0,0,0,3396
3099,0,0,0,0,0,0,1,758
3100,0,0,0,0,0,0,1,142
3101,0,0,0,0,0,0,0,479233
3102,0,1,0,1,0,0,0,0
3103,0,0,0,0,0,0,1,286
3104,0,0,1,0,0,0,0,0
3105,0,0,0,0,0,0,0,1595586
3106,0,0,0,0,0,0,0,8736
3107,0,0,0,0,0,0,1,50358
3108,0,0,0,0,0,0,0,6276
3109,0,0,0,0,0,0,0,340062
3110,1,0,1,0,0,0,0,0
3111,1,1,1,1,0,0,0,0
3112,0,0,0,0,0,0,0,21396
3113,1,1,0,0,0,0,0,0
3114,0,0,0,0,0,0,0,170436
3115,0,0,0,0,0,0,1,1050
3116,0,0,0,0,0,0,1,911
3117,0,0,0,0,0,0,0,1868076
3118,0,0,0,0,0,0,0,19542
3119,0,0,0,0,0,0,0,4836
3120,0,0,1,0,0,0,0,0
3121,0,0,0,0,0,0,0,24996
3122,0,0,0,0,0,0,0,1754112
3123,0,1,0,1,0,0,0,0
3124,0,0,0,0,0,0,0,24582
3125,0,0,0,0,0,0,0,823476
3126,0,0,0,0,0,0,0,27156
3127,0,0,0,0,0,0,0,1492968
3128,0,0,0,0,0,0,1,2176
3129,0,0,1,0,0,0,0,0
3130,0,0,0,0,0,0,0,780156
3131,0,0,0,0,0,0,1,94508
3132,0,0,0,0,0,0,0,176316
3133,0,0,0,0,0,0,0,92466
3134,0,0,0,0,0,0,0,39396
3135,1,1,0,1,0,0,0,0
3136,0,0,0,0,0,0,0,183756
3137,0,0,0,0,0,0,0,446262
3138,0,0,0,0,0,0,1,43
3139,0,0,0,0,0,0,1,271965
3140,0,0,0,0,0,0,0,674952
3141,0,0,0,0,0,0,1,65
3142,0,0,0,0,0,0,0,26815561
3143,0,0,0,0,0,0,1,19
3144,0,0,0,0,0,0,1,44
3145,0,0,0,0,0,0,0,605796
3146,0,0,0,0,0,0,1,1
3147,0,0,0,0,0,0,1,775
3148,0,1,0,1,0,0,0,0
3149,0,0,0,0,0,0,0,45396
3150,0,0,0,0,0,0,0,7116
3151,0,0,0,0,0,0,1,84802
3152,0,0,0,0,0,0,0,12199356
3153,0,0,0,0,0,0,1,143
3154,0,0,0,0,0,0,1,4180
3155,0,0,0,0,0,0,0,1956
3156,0,0,0,0,0,0,0,37356
3157,0,0,0,0,0,0,0,2524146
3158,0,0,0,0,0,0,1,134
3159,0,0,0,0,0,0,0,50953
3160,0,0,0,0,0,0,0,8436
3161,0,0,0,0,0,0,0,13596
3162,0,0,0,0,0,0,0,58596
3163,0,0,0,0,0,0,0,947256
3164,0,0,0,0,0,0,0,161538
3165,1,1,1,1,0,0,0,0
3166,1,0,1,0,0,0,0,0
3167,0,0,0,0,0,0,0,64596
3168,0,0,0,0,0,0,0,41142
3169,0,0,0,0,0,0,0,3876
3170,0,0,0,0,0,0,1,6
3171,0,0,0,0,0,0,0,19356
3172,0,0,0,0,0,0,1,510
3173,0,0,0,0,0,0,0,176916
3174,0,1,0,1,0,0,0,0
3175,0,0,0,0,0,0,0,148626
3176,0,0,0,0,0,0,0,4116
3177,0,0,0,0,0,0,1,2535
3178,0,0,0,0,0,0,0,12756
3179,0,1,0,1,0,0,0,0
3180,0,1,0,1,0,0,0,0
3181,0,1,0,1,1,0,0,0
3182,0,0,0,0,0,0,0,152436
3183,0,0,0,0,0,0,0,267786
3184,0,0,0,0,0,0,0,14916
3185,0,0,0,0,0,0,0,104196
3186,0,0,0,0,0,0,0,386041
3187,0,0,0,0,0,0,1,342
3188,0,0,0,0,0,0,0,271393
3189,0,0,0,0,0,0,0,10596
3190,1,1,1,1,0,0,0,0
3191,0,0,0,0,0,0,1,7
3192,0,0,0,0,0,0,1,6
3193,0,0,0,0,0,0,0,302106
3194,0,0,0,0,0,0,0,19386
3195,1,1,1,1,0,0,0,0
3196,1,1,1,1,0,0,0,0
3197,0,0,0,0,0,0,1,1515
3198,0,0,0,0,0,0,1,763
3199,1,1,0,1,0,0,0,0
3200,0,0,0,0,0,0,1,112
3201,0,0,0,0,0,0,1,18
3202,0,0,0,0,0,0,1,55
3203,0,0,0,0,0,0,0,4116
3204,0,1,0,1,0,0,0,0
3205,0,0,0,0,0,0,0,331849
3206,0,0,0,0,0,0,0,44982
3207,0,0,0,0,0,0,1,164782
3208,0,0,0,0,0,0,0,362262
3209,0,0,0,0,0,0,0,124176
3210,0,0,1,0,0,0,0,0
3211,0,0,0,0,0,0,0,1956
3212,0,0,0,0,0,0,0,11629
3213,1,1,1,1,0,0,0,0
3214,0,0,0,0,0,0,1,11
3215,0,0,0,0,0,0,0,6276
3216,0,0,0,0,0,0,1,72
3217,0,0,0,0,0,0,0,5556
3218,0,0,0,0,0,0,0,45516
3219,0,0,0,0,0,0,0,67062
3220,0,0,0,0,0,0,0,177156
3221,0,0,0,0,0,0,1,185
3222,0,1,0,1,0,0,0,0
3223,0,0,0,0,0,0,0,1413942
3224,0,0,0,0,0,0,0,19506
3225,0,0,0,0,0,0,0,2059236
3226,0,0,0,0,0,0,0,323796
3227,0,0,0,0,0,0,1,6668
3228,0,0,0,0,0,0,0,154416
3229,0,0,0,0,0,0,0,9156
3230,0,0,0,0,0,0,1,292
3231,0,0,0,0,0,0,1,171322
3232,0,0,0,0,0,0,0,250836
3233,0,0,0,0,0,0,0,5556
3234,0,0,1,0,0,0,0,0
3235,0,0,0,0,0,0,0,61626
3236,0,0,0,0,0,0,0,217356
3237,0,0,0,0,0,0,0,30876
3238,0,1,1,1,0,0,0,0
3239,0,0,0,0,0,0,1,71602
3240,0,0,0,0,0,0,1,5988
3241,1,1,1,1,0,0,0,0
3242,0,0,0,0,0,0,0,25986
3243,0,0,0,0,0,0,0,3396
3244,0,0,0,0,0,0,0,51906
3245,0,0,0,0,0,0,1,897
3246,0,0,0,0,0,0,1,1669
3247,0,0,0,0,0,0,1,97
3248,1,1,1,1,0,1,0,0
3249,0,0,0,0,0,0,0,17946
3250,0,0,0,0,0,0,1,3
3251,0,0,0,0,0,0,0,98436
3252,0,0,0,0,0,0,0,38946
3253,0,0,0,0,0,0,0,53676
3254,0,0,0,0,0,0,1,9
3255,0,0,0,0,0,0,0,6996
3256,1,1,1,1,0,0,0,0
3257,0,0,0,0,0,0,0,5196
3258,0,0,0,0,0,0,0,214416
3259,0,0,0,0,0,0,0,5826
3260,0,0,0,0,0,0,0,3396
3261,0,0,0,0,0,0,1,5
3262,0,0,0,0,0,0,1,43
3263,0,0,0,0,0,0,0,465552
3264,0,0,0,0,0,0,1,420
3265,0,0,0,0,0,0,0,9072
3266,0,0,0,0,0,0,0,1815738
3267,0,0,0,0,0,0,1,180
3268,0,0,0,0,0,0,0,12193
3269,0,0,0,0,0,0,1,8160
3270,0,0,0,0,0,0,0,6996
3271,0,0,0,0,0,0,1,282
3272,0,0,0,0,0,0,1,176310
3273,0,1,0,1,0,0,0,0
3274,0,0,0,0,0,0,0,34152
3275,0,0,0,0,0,0,0,3912
3276,0,0,0,0,0,0,1,58323
3277,0,0,0,0,0,0,0,72516
3278,0,1,0,1,0,0,0,0
3279,0,0,0,0,0,0,1,1083497
3280,0,0,0,0,0,0,1,23
3281,0,0,0,0,0,0,0,62556
3282,1,1,0,1,0,0,0,0
3283,0,0,0,0,0,0,1,55
3284,0,0,0,0,0,0,0,9151266
3285,0,0,0,0,0,0,0,49596
3286,0,1,0,1,0,0,0,0
3287,0,0,0,0,0,0,0,367392
3288,0,0,0,0,0,0,1,23531
3289,0,0,0,0,0,0,0,3396
3290,0,0,0,0,0,0,0,61716
3291,0,0,0,0,0,0,0,1328082
3292,0,0,0,0,0,0,1,162
3293,0,0,0,0,0,0,1,322
3294,1,0,0,0,0,1,0,0
3295,1,1,1,0,0,0,0,0
3296,0,0,0,0,0,0,1,5
3297,0,0,0,0,0,0,1,68
3298,0,0,0,0,0,0,1,37
3299,1,0,1,0,0,0,0,0
3300,0,0,0,0,0,0,0,22116
3301,0,0,0,0,0,0,0,196152
3302,0,0,0,0,0,0,1,214
3303,0,0,0,0,0,0,1,5974
3304,0,0,0,0,0,0,1,3833
3305,0,0,0,0,0,0,1,1
3306,0,0,0,0,0,0,0,550176
3307,0,0,0,0,0,0,1,18888
3308,0,0,0,0,0,0,1,65723
3309,0,0,0,0,0,0,1,48
3310,0,0,0,0,0,0,1,18856
3311,0,0,0,0,0,0,0,620436
3312,0,0,0,0,0,0,0,94266
3313,1,0,0,0,0,0,0,0
3314,0,0,0,0,0,0,0,52189
3315,0,0,0,0,0,0,0,205626
3316,0,0,0,0,0,0,0,277909
3317,0,0,0,0,0,0,1,1350
3318,0,0,0,0,0,0,1,12
3319,0,0,0,0,0,0,0,2440296
3320,0,0,0,0,0,0,1,286412
3321,0,0,0,0,0,0,0,3396
3322,1,0,0,0,0,0,0,0
3323,0,1,1,0,0,0,0,0
3324,0,0,0,0,0,0,0,257106
3325,0,0,0,0,0,0,0,47316
3326,0,0,0,0,0,0,0,210756
3327,1,0,0,0,0,0,0,0
3328,0,0,0,0,0,0,1,184
3329,1,1,1,0,1,0,0,0
3330,0,0,0,0,0,0,0,3708156
3331,0,1,0,1,1,0,0,0
3332,0,0,0,0,0,0,1,83
3333,0,0,0,0,0,0,0,20743
3334,0,0,0,0,0,0,0,553986
3335,0,0,0,0,0,0,1,21109
3336,0,1,0,1,0,0,0,0
3337,0,0,0,0,0,0,1,132
3338,0,0,0,0,0,0,1,47
3339,0,0,0,0,0,0,1,30912
3340,0,0,0,0,0,0,0,3906
3341,0,0,0,0,0,0,1,9
3342,0,0,0,0,0,0,0,6996
3343,0,0,0,0,0,0,0,3396
3344,0,1,0,1,0,0,0,0
3345,0,0,0,0,0,0,0,5735388
3346,0,0,0,0,0,0,0,82596
3347,0,0,0,0,0,0,0,39876
3348,0,0,0,0,0,0,1,402
3349,0,0,0,0,0,0,1,118
3350,1,1,1,1,0,0,0,0
3351,0,0,0,0,0,0,1,18
3352,0,0,0,0,0,0,0,30193
3353,0,0,0,0,0,0,0,154776
3354,0,0,0,0,0,0,1,1
3355,0,0,0,0,0,0,0,42276
3356,0,0,0,0,0,0,0,8712
3357,0,0,0,0,0,0,1,1479781
3358,0,0,0,0,0,0,0,173472
3359,0,0,0,0,0,0,1,452
3360,0,0,0,1,0,0,0,0
3361,0,0,0,0,0,0,0,27876
3362,0,0,0,0,0,0,1,220
3363,0,1,0,0,0,0,0,0
3364,1,0,0,0,0,0,0,0
3365,0,0,0,0,0,0,0,79476
3366,0,0,0,0,0,0,0,117553
3367,0,0,1,0,0,0,0,0
3368,0,0,0,0,0,0,1,1828
3369,0,0,0,0,0,0,0,5196
3370,0,0,0,0,0,0,1,4
3371,0,0,0,0,0,0,1,2633
3372,0,0,0,0,0,0,1,782
3373,1,0,1,0,0,0,0,0
3374,0,0,0,0,0,0,0,1761876
3375,0,0,0,0,0,0,0,1930446
3376,0,1,0,1,1,0,0,0
3377,0,0,0,0,0,0,0,268986
3378,0,0,0,0,0,0,0,46746
3379,0,0,0,0,0,0,0,42066
3380,0,0,0,0,0,0,0,29226
3381,0,0,0,0,0,0,0,534516
3382,0,0,1,0,0,0,0,0
3383,0,0,0,0,0,0,1,103
3384,0,0,0,0,0,0,1,183
3385,0,0,0,0,0,0,0,12276
3386,0,0,0,0,0,0,1,131
